Date,Open,High,Low,Close,Volume
23-Jun-17,15.15,15.2,14.95,15,"11,806,000"
22-Jun-17,14.7,15.3,14.6,15.15,"24,137,000"
21-Jun-17,14.45,14.65,14.45,14.6,"8,535,000"
20-Jun-17,14.6,14.6,14.45,14.45,"5,472,000"
19-Jun-17,14.5,14.6,14.4,14.55,"6,576,000"
16-Jun-17,14.7,14.7,14.5,14.5,"7,037,000"
15-Jun-17,14.6,14.7,14.5,14.6,"4,910,000"
14-Jun-17,14.95,14.95,14.35,14.55,"11,738,000"
13-Jun-17,14.75,14.95,14.7,14.9,"12,964,000"
12-Jun-17,14.6,14.8,14.55,14.7,"7,696,000"
9-Jun-17,14.65,14.7,14.5,14.55,"4,854,000"
8-Jun-17,14.55,14.65,14.5,14.6,"4,213,000"
7-Jun-17,14.55,14.6,14.5,14.5,"3,074,000"
6-Jun-17,14.65,14.65,14.55,14.55,"2,926,000"
5-Jun-17,14.7,14.75,14.55,14.65,"3,463,000"
2-Jun-17,14.6,14.65,14.55,14.65,"3,230,000"
1-Jun-17,14.7,14.7,14.55,14.55,"3,748,000"
31-May-17,14.75,14.8,14.55,14.7,"8,230,000"
26-May-17,14.7,14.85,14.7,14.75,"10,954,000"
25-May-17,14.4,14.55,14.35,14.55,"5,854,000"
24-May-17,14.4,14.45,14.35,14.4,"6,054,000"
23-May-17,14.35,14.45,14.35,14.4,"4,710,000"
22-May-17,14.5,14.5,14.3,14.35,"11,622,000"
19-May-17,14.6,14.6,14.5,14.55,"5,599,000"
18-May-17,14.5,14.65,14.45,14.65,"4,200,000"
17-May-17,14.65,14.65,14.55,14.55,"5,635,000"
16-May-17,14.55,14.7,14.5,14.7,"9,609,000"
15-May-17,14.75,14.8,14.5,14.65,"14,240,000"
12-May-17,14.85,15.1,14.85,14.95,"3,910,000"
11-May-17,14.95,14.95,14.75,14.85,"3,062,000"
10-May-17,14.75,15,14.7,14.9,"3,601,000"
9-May-17,14.75,14.85,14.7,14.75,"4,915,000"
8-May-17,15.1,15.1,14.65,14.8,"6,007,000"
5-May-17,15.1,15.1,15,15.05,"9,929,000"
4-May-17,14.85,14.95,14.85,14.95,"2,860,000"
3-May-17,14.85,14.9,14.8,14.85,"3,505,000"
2-May-17,14.9,14.9,14.7,14.85,"5,332,000"
28-Apr-17,14.9,15.1,14.8,14.85,"4,595,000"
27-Apr-17,14.95,15,14.75,14.85,"2,823,000"
26-Apr-17,15.05,15.05,14.9,15,"4,114,000"
25-Apr-17,14.85,15.05,14.75,15.05,"6,396,000"
24-Apr-17,14.8,14.85,14.65,14.8,"2,895,000"
21-Apr-17,14.7,14.75,14.65,14.7,"2,376,000"
20-Apr-17,14.7,14.7,14.6,14.6,"4,217,000"
19-Apr-17,14.8,14.85,14.6,14.65,"5,853,000"
18-Apr-17,14.75,14.9,14.7,14.9,"5,267,000"
17-Apr-17,14.8,14.85,14.55,14.6,"9,614,000"
14-Apr-17,14.75,14.95,14.7,14.75,"10,992,000"
13-Apr-17,14.9,15,14.75,14.75,"9,209,000"
12-Apr-17,14.95,15,14.8,14.9,"5,971,000"
11-Apr-17,14.8,15,14.8,14.95,"7,770,000"
10-Apr-17,14.9,14.95,14.7,14.75,"7,681,000"
7-Apr-17,14.95,15.1,14.9,14.9,"11,635,000"
6-Apr-17,15.2,15.2,14.9,14.9,"22,919,000"
5-Apr-17,15.85,15.9,15.2,15.2,"30,071,000"
31-Mar-17,16.1,16.15,16,16.1,"6,239,000"
30-Mar-17,16.15,16.15,16,16.1,"10,677,000"
29-Mar-17,16.4,16.4,16.15,16.3,"6,724,000"
28-Mar-17,16.2,16.35,16,16.3,"11,076,000"
27-Mar-17,16.35,16.35,16.15,16.15,"8,418,000"
24-Mar-17,16.5,16.5,16.2,16.35,"6,876,000"
23-Mar-17,16.4,16.55,16.3,16.4,"6,081,000"
22-Mar-17,16.25,16.4,16.2,16.4,"9,144,000"
21-Mar-17,16.75,16.75,16.4,16.4,"12,294,000"
20-Mar-17,16.6,16.95,16.45,16.75,"21,970,000"
17-Mar-17,16.3,16.5,16.3,16.5,"17,200,000"
16-Mar-17,16.25,16.3,16.15,16.25,"15,124,000"
15-Mar-17,16.35,16.4,16.15,16.3,"20,125,000"
14-Mar-17,16.3,16.6,16.2,16.5,"74,484,000"
13-Mar-17,15.5,16,15.45,15.95,"39,060,000"
10-Mar-17,15.4,15.45,15.05,15.4,"10,543,000"
9-Mar-17,15.3,15.6,15.3,15.3,"9,418,000"
8-Mar-17,15.35,15.4,15.3,15.3,"3,671,000"
7-Mar-17,15.35,15.5,15.3,15.35,"5,596,000"
6-Mar-17,15.5,15.55,15.4,15.4,"3,303,000"
3-Mar-17,15.45,15.55,15.35,15.5,"6,104,000"
2-Mar-17,15.45,15.55,15.3,15.35,"6,344,000"
1-Mar-17,15.35,15.5,15.25,15.3,"7,845,000"
24-Feb-17,15.45,15.5,15.25,15.25,"8,539,000"
23-Feb-17,15.6,15.65,15.45,15.45,"5,293,000"
22-Feb-17,15.6,15.85,15.5,15.6,"8,238,000"
21-Feb-17,15.8,15.8,15.35,15.6,"14,119,000"
17-Feb-17,15.35,15.6,15.3,15.5,"18,923,000"
16-Feb-17,15.3,15.45,15.25,15.35,"15,531,000"
15-Feb-17,15,15.35,14.95,15.2,"19,639,000"
14-Feb-17,15,15,14.9,14.95,"4,776,000"
13-Feb-17,15.1,15.15,14.95,15,"6,938,000"
10-Feb-17,14.95,15.1,14.95,15,"9,092,000"
9-Feb-17,14.95,14.95,14.8,14.9,"4,804,000"
8-Feb-17,15,15.2,14.85,14.85,"12,504,000"
7-Feb-17,14.9,15.05,14.85,15,"5,524,000"
6-Feb-17,14.85,15.05,14.85,14.9,"7,190,000"
3-Feb-17,14.95,15.05,14.75,14.8,"8,638,000"
2-Feb-17,15.1,15.15,14.9,14.9,"8,091,000"
24-Jan-17,15.1,15.15,15,15.1,"7,723,000"
23-Jan-17,15.1,15.15,15,15,"4,139,000"
20-Jan-17,15,15.05,14.9,15,"5,085,000"
19-Jan-17,15.05,15.05,14.9,14.95,"3,956,000"
18-Jan-17,15.15,15.15,15,15.05,"3,226,000"
17-Jan-17,15,15.25,15,15.15,"5,518,000"
16-Jan-17,15.05,15.1,14.95,15,"3,448,000"
13-Jan-17,15.1,15.1,15,15.05,"3,832,000"
12-Jan-17,15.15,15.15,15,15.05,"5,145,000"
11-Jan-17,14.9,15.2,14.8,15.1,"14,195,000"
10-Jan-17,14.85,14.9,14.75,14.85,"3,240,000"
9-Jan-17,14.8,14.95,14.75,14.8,"3,405,000"
6-Jan-17,15,15,14.7,14.8,"3,826,000"
5-Jan-17,14.65,14.95,14.6,14.9,"10,067,000"
4-Jan-17,14.5,14.6,14.5,14.6,"2,371,000"
3-Jan-17,14.6,14.65,14.55,14.6,"2,850,000"
30-Dec-16,14.55,14.6,14.5,14.6,"2,471,000"
29-Dec-16,14.55,14.6,14.45,14.5,"4,696,000"
28-Dec-16,14.55,14.6,14.5,14.55,"2,796,000"
27-Dec-16,14.5,14.6,14.45,14.5,"4,420,000"
26-Dec-16,14.55,14.65,14.45,14.45,"6,249,000"
23-Dec-16,14.6,14.65,14.55,14.55,"5,146,000"
22-Dec-16,14.6,14.65,14.55,14.6,"2,686,000"
21-Dec-16,14.7,14.75,14.55,14.6,"5,674,000"
20-Dec-16,14.8,14.85,14.6,14.6,"8,445,000"
19-Dec-16,14.75,14.9,14.7,14.7,"5,733,000"
16-Dec-16,14.85,14.85,14.75,14.75,"8,608,000"
15-Dec-16,14.9,15.05,14.75,14.9,"7,811,000"
14-Dec-16,15.05,15.15,14.9,14.9,"4,667,000"
13-Dec-16,15,15.05,14.9,14.9,"7,288,000"
12-Dec-16,15.2,15.2,14.9,14.95,"9,482,000"
9-Dec-16,15.35,15.4,15.2,15.25,"8,371,000"
8-Dec-16,15.25,15.55,15.2,15.4,"10,022,000"
7-Dec-16,15.1,15.25,15,15.1,"5,280,000"
6-Dec-16,15.05,15.15,15,15.05,"5,539,000"
5-Dec-16,15.15,15.15,14.9,14.95,"6,701,000"
2-Dec-16,15.2,15.25,15.05,15.1,"8,538,000"
1-Dec-16,15.45,15.55,15.2,15.25,"12,319,000"
30-Nov-16,15.7,15.75,15.55,15.65,"9,714,000"
29-Nov-16,15.6,15.7,15.5,15.6,"5,785,000"
28-Nov-16,15.6,15.75,15.5,15.5,"5,629,000"
25-Nov-16,15.8,15.8,15.55,15.6,"8,077,000"
24-Nov-16,15.6,16.1,15.6,15.85,"30,916,000"
23-Nov-16,15.65,15.7,15.55,15.6,"12,450,000"
22-Nov-16,15.6,15.85,15.45,15.45,"28,207,000"
21-Nov-16,15.15,15.3,15.05,15.25,"10,455,000"
18-Nov-16,15.2,15.25,15,15.15,"8,116,000"
17-Nov-16,14.8,15.2,14.75,15.1,"13,596,000"
16-Nov-16,14.85,14.85,14.7,14.7,"4,745,000"
15-Nov-16,14.8,14.95,14.7,14.7,"5,567,000"
14-Nov-16,14.7,14.95,14.6,14.7,"6,133,000"
11-Nov-16,14.9,14.95,14.65,14.65,"6,866,000"
10-Nov-16,14.95,15,14.85,14.95,"5,299,000"
9-Nov-16,15.25,15.35,14.6,14.7,"13,470,000"
8-Nov-16,14.95,15.35,14.85,15.2,"8,243,000"
7-Nov-16,14.95,15,14.9,14.9,"3,215,000"
4-Nov-16,14.95,14.95,14.8,14.85,"2,759,000"
3-Nov-16,14.85,15,14.8,14.9,"3,616,000"
2-Nov-16,15.1,15.15,14.8,14.8,"9,783,000"
1-Nov-16,15.2,15.2,15.1,15.15,"6,248,000"
31-Oct-16,15.1,15.25,14.95,15.2,"11,564,000"
28-Oct-16,15.05,15.1,14.8,15.1,"8,688,000"
27-Oct-16,14.75,15.25,14.75,15.1,"26,363,000"
26-Oct-16,14.6,14.7,14.55,14.6,"2,456,000"
25-Oct-16,14.7,14.7,14.55,14.65,"2,146,000"
24-Oct-16,14.6,14.7,14.5,14.7,"4,666,000"
21-Oct-16,14.6,14.6,14.5,14.6,"6,363,000"
20-Oct-16,14.55,14.6,14.5,14.55,"3,890,000"
19-Oct-16,14.55,14.6,14.45,14.55,"3,410,000"
18-Oct-16,14.55,14.55,14.45,14.55,"2,607,000"
17-Oct-16,14.5,14.6,14.4,14.55,"3,876,000"
14-Oct-16,14.6,14.6,14.45,14.45,"3,262,000"
13-Oct-16,14.7,14.7,14.55,14.6,"3,665,000"
12-Oct-16,14.6,14.75,14.45,14.65,"4,383,000"
11-Oct-16,14.8,14.85,14.45,14.6,"6,595,000"
7-Oct-16,14.55,14.75,14.45,14.75,"8,161,000"
6-Oct-16,14.55,14.55,14.4,14.55,"3,615,000"
5-Oct-16,14.5,14.6,14.45,14.55,"3,168,000"
4-Oct-16,14.4,14.6,14.35,14.6,"5,504,000"
3-Oct-16,14.4,14.45,14.3,14.35,"3,855,000"
30-Sep-16,14.4,14.4,14.3,14.3,"6,048,000"
29-Sep-16,14.5,14.55,14.4,14.4,"6,464,000"
26-Sep-16,14.65,14.65,14.5,14.5,"2,296,000"
23-Sep-16,14.55,14.65,14.5,14.65,"6,442,000"
22-Sep-16,14.6,14.6,14.4,14.55,"4,571,000"
21-Sep-16,14.5,14.7,14.4,14.5,"6,489,000"
20-Sep-16,14.35,14.5,14.3,14.45,"5,422,000"
19-Sep-16,14.4,14.7,14.3,14.3,"12,217,000"
14-Sep-16,14.3,14.55,14.3,14.3,"6,197,000"
13-Sep-16,14.55,14.6,14.35,14.4,"5,751,000"
12-Sep-16,14.6,14.65,14.5,14.5,"6,550,000"
9-Sep-16,15.05,15.1,14.85,14.9,"5,250,000"
8-Sep-16,15.15,15.2,15.05,15.15,"4,439,000"
7-Sep-16,15.2,15.25,15.05,15.15,"6,689,000"
6-Sep-16,14.9,15.25,14.9,15.15,"9,307,000"
5-Sep-16,15,15.05,14.9,14.9,"3,825,000"
2-Sep-16,14.95,15.15,14.9,14.9,"13,405,000"
1-Sep-16,14.65,14.95,14.65,14.85,"9,669,000"
31-Aug-16,14.7,14.75,14.6,14.7,"6,227,000"
30-Aug-16,14.75,14.8,14.65,14.75,"4,482,000"
29-Aug-16,14.75,14.75,14.5,14.7,"4,533,000"
26-Aug-16,14.65,14.8,14.55,14.7,"7,235,000"
25-Aug-16,14.65,14.7,14.5,14.6,"7,547,000"
24-Aug-16,14.6,14.75,14.5,14.6,"11,171,000"
23-Aug-16,15.4,15.45,15.3,15.35,"18,898,000"
22-Aug-16,15.55,15.6,15.4,15.4,"6,604,000"
19-Aug-16,15.85,15.85,15.55,15.6,"10,140,000"
18-Aug-16,15.75,15.85,15.7,15.8,"10,302,000"
17-Aug-16,15.55,15.75,15.55,15.75,"9,481,000"
16-Aug-16,15.8,15.8,15.5,15.55,"8,769,000"
15-Aug-16,15.7,15.85,15.7,15.8,"4,288,000"
12-Aug-16,15.8,15.8,15.65,15.75,"5,621,000"
11-Aug-16,15.9,15.95,15.6,15.75,"12,328,000"
10-Aug-16,15.85,15.9,15.75,15.9,"8,040,000"
9-Aug-16,15.8,15.9,15.75,15.85,"9,407,000"
8-Aug-16,15.9,15.95,15.7,15.85,"11,501,000"
5-Aug-16,15.75,15.95,15.7,15.85,"14,106,000"
4-Aug-16,15.6,15.7,15.45,15.7,"8,338,000"
3-Aug-16,15.35,15.55,15.25,15.5,"7,279,000"
2-Aug-16,15.55,15.65,15.45,15.45,"10,935,000"
1-Aug-16,15.3,15.55,15.2,15.55,"9,386,000"
29-Jul-16,15.45,15.45,15.2,15.2,"6,987,000"
28-Jul-16,15.4,15.5,15.3,15.4,"6,989,000"
27-Jul-16,15.5,15.5,15.35,15.4,"4,851,000"
26-Jul-16,15.3,15.5,15.2,15.45,"5,667,000"
25-Jul-16,15.6,15.65,15.15,15.3,"9,838,000"
22-Jul-16,15.55,15.6,15.45,15.55,"7,710,000"
21-Jul-16,15.65,15.75,15.55,15.55,"11,076,000"
20-Jul-16,15.6,15.85,15.5,15.55,"12,343,000"
19-Jul-16,15.65,15.7,15.4,15.7,"13,095,000"
18-Jul-16,15.75,15.8,15.5,15.65,"17,854,000"
15-Jul-16,15.5,16.05,15.5,15.7,"61,417,000"
14-Jul-16,14.5,15.1,14.45,15.05,"24,442,000"
13-Jul-16,14.5,14.55,14.3,14.4,"8,803,000"
12-Jul-16,14.5,14.55,14.35,14.4,"13,753,000"
11-Jul-16,14.4,14.6,14.3,14.35,"9,743,000"
7-Jul-16,14.2,14.35,14.1,14.15,"7,369,000"
6-Jul-16,14.6,14.6,14.15,14.15,"14,755,000"
5-Jul-16,14.6,14.65,14.5,14.55,"6,265,000"
4-Jul-16,14.7,14.8,14.5,14.5,"9,649,000"
1-Jul-16,14.7,14.85,14.65,14.7,"5,901,000"
30-Jun-16,14.7,14.75,14.5,14.7,"8,319,000"
29-Jun-16,14.85,14.95,14.65,14.7,"10,724,000"
28-Jun-16,14.85,14.95,14.7,14.85,"10,150,000"
27-Jun-16,14.9,14.9,14.7,14.9,"8,373,000"
24-Jun-16,15.35,15.35,14.65,14.95,"31,218,000"
23-Jun-16,15.1,15.15,14.85,14.9,"8,636,000"
22-Jun-16,14.55,15.1,14.45,15.05,"26,249,000"
21-Jun-16,14.45,14.55,14.4,14.45,"6,165,000"
20-Jun-16,14.55,14.6,14.35,14.45,"6,782,000"
17-Jun-16,14.4,14.6,14.25,14.55,"9,815,000"
16-Jun-16,14.55,14.6,14.2,14.25,"10,158,000"
15-Jun-16,14.5,14.5,14.25,14.45,"6,338,000"
14-Jun-16,14.4,14.5,14.35,14.45,"4,650,000"
13-Jun-16,14.7,14.7,14.4,14.45,"7,335,000"
8-Jun-16,14.5,14.8,14.45,14.7,"12,129,000"
7-Jun-16,14.5,14.65,14.4,14.45,"7,700,000"
6-Jun-16,14.7,14.75,14.45,14.5,"6,355,000"
3-Jun-16,14.55,14.6,14.45,14.5,"6,875,000"
2-Jun-16,14.75,14.8,14.5,14.5,"10,132,000"
1-Jun-16,14.8,14.85,14.65,14.75,"9,004,000"
31-May-16,14.75,14.8,14.6,14.8,"8,201,000"
30-May-16,14.75,14.8,14.55,14.75,"10,288,000"
27-May-16,14.8,14.85,14.55,14.8,"8,565,000"
26-May-16,14.4,14.75,14.35,14.7,"14,818,000"
25-May-16,14.2,14.45,14.2,14.3,"9,959,000"
24-May-16,14.25,14.35,14.1,14.15,"8,839,000"
23-May-16,14.3,14.4,14,14.2,"14,116,000"
20-May-16,13.85,14.55,13.65,14.35,"24,484,000"
19-May-16,13.9,14,13.75,13.75,"12,121,000"
18-May-16,14,14,13.85,13.9,"15,506,000"
17-May-16,14.2,14.2,13.95,14.05,"14,318,000"
16-May-16,14.5,14.5,14,14.2,"15,591,000"
13-May-16,14.8,14.8,14.4,14.7,"11,783,000"
12-May-16,14.9,15,14.75,14.8,"5,760,000"
11-May-16,15,15.1,14.9,14.9,"7,360,000"
10-May-16,15,15,14.85,14.95,"6,265,000"
9-May-16,15,15.1,14.9,14.95,"9,918,000"
6-May-16,14.75,15.1,14.65,15,"11,015,000"
5-May-16,15.25,15.35,14.6,14.65,"26,599,000"
4-May-16,15.7,15.75,15.25,15.25,"12,600,000"
3-May-16,16,16,15.7,15.75,"6,617,000"
29-Apr-16,15.8,16,15.7,16,"10,503,000"
28-Apr-16,16.25,16.25,15.85,15.85,"11,591,000"
27-Apr-16,16.2,16.4,16.1,16.2,"11,950,000"
26-Apr-16,16.1,16.2,16,16.05,"5,992,000"
25-Apr-16,16.05,16.2,15.85,16.1,"10,836,000"
22-Apr-16,16.2,16.35,16,16.05,"8,658,000"
21-Apr-16,16.35,16.4,16.1,16.2,"11,577,000"
20-Apr-16,16.75,16.8,16.1,16.25,"18,444,000"
19-Apr-16,16.95,17,16.55,16.6,"15,309,000"
18-Apr-16,17,17.1,16.9,16.9,"5,815,000"
15-Apr-16,17.05,17.2,16.85,16.95,"14,024,000"
14-Apr-16,17.35,17.35,17.05,17.05,"10,662,000"
13-Apr-16,17.55,17.6,17.2,17.35,"13,296,000"
12-Apr-16,17.8,17.85,17.55,17.55,"11,042,000"
11-Apr-16,17.8,17.9,17.7,17.85,"8,723,000"
8-Apr-16,17.8,17.9,17.8,17.8,"16,170,000"
7-Apr-16,17.6,17.9,17.55,17.85,"16,642,000"
6-Apr-16,17.7,17.9,17.55,17.8,"21,260,000"
1-Apr-16,17.9,17.9,17.75,17.85,"9,155,000"
31-Mar-16,17.95,18,17.85,18,"11,556,000"
30-Mar-16,17.85,17.9,17.8,17.85,"12,232,000"
29-Mar-16,17.75,17.85,17.5,17.8,"22,521,000"
28-Mar-16,17.7,17.85,17.7,17.75,"7,960,000"
25-Mar-16,17.7,17.75,17.6,17.7,"9,937,000"
24-Mar-16,17.65,18.05,17.6,17.7,"12,475,000"
23-Mar-16,17.65,17.7,17.6,17.7,"11,926,000"
22-Mar-16,17.65,17.7,17.55,17.7,"18,538,000"
21-Mar-16,17.6,17.7,17.55,17.65,"15,824,000"
18-Mar-16,17.6,17.7,17.55,17.6,"23,549,000"
17-Mar-16,17.6,17.7,17.5,17.65,"26,438,000"
16-Mar-16,17.15,17.6,17.1,17.6,"29,182,000"
15-Mar-16,17.55,17.65,17.05,17.05,"26,369,000"
14-Mar-16,17.65,17.8,17.5,17.5,"23,914,000"
11-Mar-16,18.15,18.3,17.95,17.95,"13,845,000"
10-Mar-16,17.95,18,17.85,17.95,"8,333,000"
9-Mar-16,18.2,18.25,17.9,17.9,"10,493,000"
8-Mar-16,18,18.5,17.9,18.15,"18,248,000"
7-Mar-16,17.9,18.2,17.85,18,"9,380,000"
4-Mar-16,18.15,18.2,17.95,18,"11,827,000"
3-Mar-16,18.05,18.2,17.95,18.1,"13,675,000"
2-Mar-16,17.9,18.25,17.75,18.05,"18,529,000"
1-Mar-16,17.8,17.85,17.55,17.75,"8,010,000"
26-Feb-16,17.9,17.9,17.7,17.85,"8,407,000"
25-Feb-16,18,18.1,17.75,17.75,"12,421,000"
24-Feb-16,18,18.2,17.9,18,"13,646,000"
23-Feb-16,18.45,18.45,17.8,17.9,"22,803,000"
22-Feb-16,17.5,18.7,17.5,18.15,"46,243,000"
19-Feb-16,17.5,17.6,17.3,17.35,"7,643,000"
18-Feb-16,17.7,17.8,17.35,17.4,"14,383,000"
17-Feb-16,17.6,17.8,17.45,17.65,"12,446,000"
16-Feb-16,17.55,17.6,17.35,17.5,"9,224,000"
15-Feb-16,17.4,17.5,17.2,17.3,"11,079,000"
3-Feb-16,17.35,17.35,17.15,17.15,"6,569,000"
2-Feb-16,17.4,17.5,17.25,17.4,"6,334,000"
1-Feb-16,17.55,17.55,17.1,17.3,-
29-Jan-16,17.2,17.4,17.05,17.4,"14,562,000"
28-Jan-16,17.1,17.35,17.05,17.25,"9,090,000"
27-Jan-16,17.5,17.5,17.05,17.2,"8,459,000"
26-Jan-16,17.3,17.5,17.3,17.35,"7,264,000"
25-Jan-16,17.6,17.6,17.1,17.35,"16,008,000"
22-Jan-16,17.9,17.9,17.45,17.6,"10,988,000"
21-Jan-16,17.95,18.15,17.7,17.7,"7,890,000"
20-Jan-16,18.1,18.15,17.55,17.8,"18,669,000"
19-Jan-16,18.35,18.55,18,18.15,"18,982,000"
18-Jan-16,17.6,18.45,17.6,18.35,"18,236,000"
15-Jan-16,18.25,18.3,17.7,17.8,"16,485,000"
14-Jan-16,18.05,18.35,17.8,18.2,"16,006,000"
13-Jan-16,18.6,18.6,18.05,18.05,"14,911,000"
12-Jan-16,17.6,18.25,17.6,18.1,"31,542,000"
11-Jan-16,17.85,17.9,17.1,17.35,"27,874,000"
8-Jan-16,18.75,18.9,18.35,18.35,"22,386,000"
7-Jan-16,18.45,18.75,18.3,18.6,"39,036,000"
6-Jan-16,18.65,18.9,18.15,18.25,"43,594,000"
5-Jan-16,18,18.15,17.65,17.95,"18,471,000"
4-Jan-16,18.6,18.7,17.95,18.05,"23,361,000"
31-Dec-15,18.75,18.8,18.55,18.6,"9,149,000"
30-Dec-15,18.75,18.9,18.65,18.65,"11,390,000"
29-Dec-15,18.9,19,18.65,18.65,"13,620,000"
28-Dec-15,18.9,19,18.65,18.65,"18,949,102,000"
25-Dec-15,18.5,19.25,18.3,18.75,"35,257,000"
24-Dec-15,18.6,18.75,18.45,18.5,"17,937,000"
23-Dec-15,18.55,18.85,18.4,18.7,"25,934,000"
22-Dec-15,19.15,19.4,18.5,18.5,"49,420,000"
21-Dec-15,17.8,19.15,17.75,18.9,"59,947,000"
18-Dec-15,17.3,17.75,17.2,17.5,"38,440,000"
17-Dec-15,17.25,17.35,17.1,17.15,"11,796,000"
16-Dec-15,16.95,17.4,16.8,17.05,"19,296,000"
15-Dec-15,17.1,17.2,16.8,16.8,"11,918,000"
14-Dec-15,16.65,17.15,16.65,17,"17,123,000"
11-Dec-15,17.3,17.3,16.75,16.75,"15,556,000"
10-Dec-15,17.5,17.5,17.05,17.05,"19,398,000"
9-Dec-15,17.1,17.65,17.05,17.45,"41,357,000"
8-Dec-15,17.1,17.2,16.85,16.85,"17,551,000"
7-Dec-15,16.95,17,16.75,16.8,"6,793,000"
4-Dec-15,16.7,16.75,16.5,16.65,"10,775,000"
3-Dec-15,17.05,17.15,16.75,16.8,"15,528,000"
2-Dec-15,16.5,17.2,16.5,16.85,"15,124,000"
1-Dec-15,16.5,16.7,16.4,16.5,"20,790,000"
30-Nov-15,16.8,16.8,16.3,16.4,"33,074,000"
27-Nov-15,17.2,17.3,16.85,16.95,"15,025,000"
26-Nov-15,17.35,17.4,17.15,17.15,"12,017,000"
25-Nov-15,17.25,17.45,17.15,17.2,"11,557,000"
24-Nov-15,17.55,17.6,17.15,17.3,"22,507,000"
23-Nov-15,17.95,17.95,17.6,17.65,"10,332,000"
20-Nov-15,17.5,17.8,17.5,17.8,"15,538,000"
19-Nov-15,17.6,17.65,17.3,17.35,"18,975,000"
18-Nov-15,17.9,18,17.5,17.5,"13,743,000"
17-Nov-15,17.9,17.9,17.55,17.7,"24,501,000"
16-Nov-15,18.05,18.15,16.8,17.5,"69,863,000"
13-Nov-15,19.05,19.15,18.4,18.5,"17,612,000"
12-Nov-15,19.1,19.4,18.95,19.05,"10,072,000"
11-Nov-15,19.45,19.55,18.9,18.9,"12,821,000"
10-Nov-15,19.35,19.5,19.2,19.35,"11,813,000"
9-Nov-15,19.25,19.7,19.25,19.5,"14,632,000"
6-Nov-15,19.65,19.65,19.2,19.2,"13,844,000"
5-Nov-15,19.45,19.75,19.35,19.6,"13,741,000"
4-Nov-15,19.35,19.5,19.2,19.4,"17,385,000"
3-Nov-15,19.5,19.55,19.2,19.45,"7,325,000"
2-Nov-15,19.05,19.4,19,19.4,"8,020,000"
30-Oct-15,19.1,19.35,18.9,19.1,"15,511,000"
29-Oct-15,19.35,19.4,19.05,19.05,"12,555,000"
28-Oct-15,19.8,19.9,19.45,19.5,"11,943,000"
27-Oct-15,19.6,19.65,19.4,19.65,"11,649,000"
26-Oct-15,19.55,19.7,19.35,19.45,"17,519,000"
23-Oct-15,19.8,19.8,19.35,19.35,"14,052,000"
22-Oct-15,19.2,19.85,19.05,19.55,"34,507,000"
21-Oct-15,19.3,19.35,19,19.05,"11,043,000"
20-Oct-15,19.45,19.5,19.1,19.15,"18,344,000"
19-Oct-15,19.5,19.65,19.2,19.3,"28,586,000"
16-Oct-15,18.5,19,18.4,18.9,"29,098,000"
15-Oct-15,18.3,18.55,18.25,18.3,"14,164,000"
14-Oct-15,18.3,18.35,18.15,18.2,"14,431,000"
13-Oct-15,18.35,18.4,18.15,18.3,"18,117,000"
12-Oct-15,18.15,18.25,18,18,"16,363,000"
8-Oct-15,18.3,18.4,18,18,"22,869,000"
7-Oct-15,18.55,18.65,17.85,18.15,"58,535,000"
6-Oct-15,19.25,19.45,19,19,"17,637,000"
5-Oct-15,19.35,19.45,19.1,19.15,"14,841,000"
2-Oct-15,19.55,19.65,19.25,19.25,"24,926,000"
1-Oct-15,18.85,19.8,18.8,19.75,"39,023,000"
30-Sep-15,18.05,18.4,18,18.4,"24,641,000"
25-Sep-15,18.45,18.45,18,18.05,"17,882,000"
24-Sep-15,18.65,18.7,18,18.25,"14,064,000"
23-Sep-15,18.3,18.7,18.2,18.4,"16,984,000"
22-Sep-15,18.9,19,18.35,18.4,"19,596,000"
21-Sep-15,19.4,19.45,18.75,18.85,"13,703,000"
18-Sep-15,19.5,19.65,19.3,19.35,"14,214,000"
17-Sep-15,19.35,19.5,19.3,19.5,"20,646,000"
16-Sep-15,19.65,19.65,19.25,19.35,"12,600,000"
15-Sep-15,19.85,19.85,19.5,19.55,"12,558,000"
14-Sep-15,19.5,20.05,19.4,19.55,"18,986,000"
11-Sep-15,19.5,19.6,19.3,19.4,"9,707,000"
10-Sep-15,19.35,19.65,19.3,19.65,"15,368,000"
9-Sep-15,19.25,19.6,19.2,19.25,"20,514,000"
8-Sep-15,18.45,19.25,18.45,19,"19,265,000"
7-Sep-15,18.5,18.75,18.1,18.3,"22,090,000"
4-Sep-15,19.05,19.2,18.75,18.75,"15,516,000"
3-Sep-15,19.15,19.35,18.85,19.05,"16,852,000"
2-Sep-15,19.25,19.6,19.05,19.05,"23,387,000"
1-Sep-15,19.4,19.45,18.9,18.95,"33,495,000"
31-Aug-15,20.15,20.25,19.65,19.65,"20,432,000"
28-Aug-15,20.1,20.4,20,20.1,"16,523,000"
27-Aug-15,19.95,20.35,19.85,20.3,"16,567,000"
26-Aug-15,20.1,20.25,19.25,19.7,"24,092,000"
25-Aug-15,20.15,20.45,19.9,20.15,"22,435,000"
24-Aug-15,21,21.05,19.8,20.2,"29,698,000"
21-Aug-15,21.2,21.9,20.6,21.6,"30,609,000"
20-Aug-15,21.5,22.15,21.3,21.8,"23,816,000"
19-Aug-15,21.05,21.35,20.6,21.3,"19,033,000"
18-Aug-15,21.45,21.65,20.3,21,"30,425,000"
17-Aug-15,22.45,22.65,21.25,21.45,"26,263,000"
14-Aug-15,23.1,23.2,22.2,22.8,"19,724,000"
13-Aug-15,22.95,23.1,22.85,22.85,"15,141,000"
12-Aug-15,23.6,23.65,22.85,22.95,"18,913,000"
11-Aug-15,23.75,23.85,23.35,23.4,"26,228,000"
10-Aug-15,23,23.8,22.75,23.75,"33,567,000"
7-Aug-15,22.8,23,22.6,22.7,"13,575,000"
6-Aug-15,23.1,23.2,22.7,22.85,"10,188,000"
5-Aug-15,23.05,23.1,22.85,23.1,"12,003,000"
4-Aug-15,22.55,23.2,22.55,22.8,"22,642,000"
3-Aug-15,22.85,22.95,22.15,22.15,"18,771,000"
31-Jul-15,23.2,23.2,22.8,22.8,"8,375,000"
30-Jul-15,23.05,23.2,22.95,23,"9,725,000"
29-Jul-15,23.3,23.35,23,23.05,"18,911,000"
28-Jul-15,22.5,23.5,22.5,23.5,"38,392,000"
27-Jul-15,23.1,23.15,22.45,22.5,"17,013,000"
24-Jul-15,22.9,23.3,22.85,23,"22,887,000"
23-Jul-15,23,23.15,22.75,23.05,"22,860,000"
22-Jul-15,22.7,23.1,22.6,22.8,"24,857,000"
21-Jul-15,22.95,23.4,22.4,22.6,"32,378,000"
20-Jul-15,23,23.1,22.3,22.55,"14,679,000"
17-Jul-15,23,23.15,22.6,22.75,"22,749,000"
16-Jul-15,22.4,23.3,22.15,22.9,"53,037,000"
15-Jul-15,22.15,22.4,21.8,22.05,"18,661,000"
14-Jul-15,22.2,22.5,21.8,21.8,"16,324,000"
13-Jul-15,22.45,22.45,21.7,21.8,"16,178,000"
9-Jul-15,21.3,22,20.9,21.75,"21,471,000"
8-Jul-15,22.4,22.6,21.45,21.7,"34,039,000"
7-Jul-15,22.4,23,22.35,22.45,"42,931,000"
6-Jul-15,21.65,22.15,21.55,21.65,"20,600,000"
3-Jul-15,21.65,21.95,21.4,21.45,"17,983,000"
2-Jul-15,21.35,22,21.2,21.55,"38,559,000"
1-Jul-15,20.95,21.2,20.75,20.9,"12,314,000"
30-Jun-15,20.15,21.15,20.15,21.05,"22,993,000"
29-Jun-15,20.3,20.6,20.2,20.2,"9,719,000"
26-Jun-15,21,21.05,20.5,20.8,"14,720,000"
25-Jun-15,20.55,21.2,20.25,20.85,"22,747,000"
24-Jun-15,20.5,20.65,20.25,20.3,"9,431,000"
23-Jun-15,21.05,21.2,20.5,20.5,"16,450,000"
22-Jun-15,20.9,21.25,20.55,20.6,"21,975,000"
18-Jun-15,19.15,20.75,19.1,20.6,"30,061,000"
17-Jun-15,19.5,19.55,18.95,18.95,"15,811,000"
16-Jun-15,19.7,20.1,19.35,19.35,"12,477,000"
15-Jun-15,19.5,20,19.5,19.7,"8,605,000"
12-Jun-15,19.3,19.8,19.3,19.7,"13,291,000"
11-Jun-15,20,20.05,19.25,19.3,"19,166,000"
10-Jun-15,19.45,20.7,18.8,20.35,"35,261,000"
9-Jun-15,19.8,20.05,19.55,19.55,"18,850,000"
8-Jun-15,20.4,20.4,19.5,19.85,"26,805,000"
5-Jun-15,20,20.5,19.95,20.45,"20,833,000"
4-Jun-15,20.35,20.65,19.8,19.95,"37,873,000"
3-Jun-15,21.25,21.3,19.95,20.35,"41,561,000"
2-Jun-15,21.7,21.8,21.3,21.35,"16,215,000"
1-Jun-15,22.4,22.5,21.7,21.75,"21,055,000"
29-May-15,23.1,23.2,22.75,22.75,"15,737,000"
28-May-15,23.1,23.55,22.9,23.1,"25,715,000"
27-May-15,22.9,23.15,22.6,22.75,"21,362,000"
26-May-15,22.8,23.65,22.75,22.85,"51,714,000"
25-May-15,22.5,22.55,22.4,22.55,"22,584,000"
22-May-15,21.05,21.55,20.85,21.1,"22,874,000"
21-May-15,21.8,22.05,21.2,21.2,"18,637,000"
20-May-15,21.7,22.2,21.65,21.8,"14,374,000"
19-May-15,21.15,21.75,21.05,21.65,"20,762,000"
18-May-15,21.8,21.8,20.6,20.95,"32,165,000"
15-May-15,21.8,21.9,21.25,21.6,"10,923,000"
14-May-15,21.9,22.2,21.55,21.55,"10,650,000"
13-May-15,22,22.05,21.35,21.55,"15,392,000"
12-May-15,21.6,22.4,21.5,22.3,"9,595,000"
11-May-15,21.8,21.9,21.4,21.45,"9,073,000"
8-May-15,22.2,22.2,21.4,21.5,"22,380,000"
7-May-15,21.45,21.9,21.25,21.6,"18,716,000"
6-May-15,22.8,22.9,21.45,21.45,"46,138,000"
5-May-15,23.5,23.5,23,23.05,"12,508,000"
4-May-15,24.15,24.15,23.25,23.25,"16,375,000"
30-Apr-15,24.1,24.4,24,24.15,"11,680,000"
29-Apr-15,24.75,24.75,24.15,24.2,"15,618,000"
28-Apr-15,23.8,24.85,23.8,24.75,"31,450,000"
27-Apr-15,24.2,24.3,23.7,23.75,"18,670,000"
24-Apr-15,23.9,24.25,23.1,24,"29,073,000"
23-Apr-15,23.7,24.4,23.6,24.1,"15,113,000"
22-Apr-15,23.8,24.2,23.55,23.6,"13,897,000"
21-Apr-15,23.4,23.9,23.2,23.8,"15,242,000"
20-Apr-15,23.3,23.9,23.05,23.2,"17,493,000"
17-Apr-15,24.1,24.35,23.5,23.55,"19,963,000"
16-Apr-15,24.05,24.15,23.5,24.15,"31,983,000"
15-Apr-15,24.6,25.25,24.3,24.35,"27,997,000"
14-Apr-15,25.05,25.15,24.4,24.5,"22,740,000"
13-Apr-15,24.3,25.2,24.05,25.05,"46,508,000"
10-Apr-15,24.1,24.25,23.7,24.05,"19,406,000"
9-Apr-15,24,24.65,24,24,"46,468,000"
8-Apr-15,23.4,23.6,23.3,23.45,"20,515,000"
7-Apr-15,23,23.95,22.8,23.4,"37,076,000"
2-Apr-15,22.85,23.15,22.75,23,"19,530,000"
1-Apr-15,22.9,23.3,22.5,23.1,"31,948,000"
31-Mar-15,22.2,23,22.1,22.95,"32,156,000"
30-Mar-15,22,22.2,21.9,21.9,"11,776,000"
27-Mar-15,21.9,22,21.5,21.55,"20,868,000"
26-Mar-15,22.5,22.55,21.9,22.2,"21,659,000"
25-Mar-15,23.15,23.2,22.65,22.7,"18,234,000"
24-Mar-15,22.3,23.3,22.3,23.05,"43,263,000"
23-Mar-15,22.55,22.55,21.9,22,"19,430,000"
20-Mar-15,22.35,22.6,22.25,22.25,"18,566,000"
19-Mar-15,22.7,22.7,22.2,22.3,"19,227,000"
18-Mar-15,22.8,22.85,22.5,22.7,"24,826,000"
17-Mar-15,22.55,22.95,22.2,22.5,"38,499,000"
16-Mar-15,22.5,22.7,22.2,22.2,"19,948,000"
13-Mar-15,21.45,22.6,21.3,21.9,"35,130,000"
12-Mar-15,21.35,21.45,21.15,21.15,"16,245,000"
11-Mar-15,21.3,21.7,21.15,21.15,"21,743,000"
10-Mar-15,21.65,21.65,21.15,21.15,"10,989,000"
9-Mar-15,21.4,21.55,21.15,21.45,"11,801,000"
6-Mar-15,21.2,21.6,21.15,21.5,"21,612,000"
5-Mar-15,22,22.1,20.9,21.1,"46,862,000"
4-Mar-15,22.8,22.9,22.05,22.1,"27,288,000"
3-Mar-15,23.1,23.1,22.7,23.1,"14,978,000"
2-Mar-15,23,23.05,22.5,22.9,"13,310,000"
26-Feb-15,22.75,23.1,22.65,23,"13,692,000"
25-Feb-15,22.5,23.15,22.5,22.95,"19,853,000"
24-Feb-15,22.6,22.85,22.45,22.45,"18,013,000"
13-Feb-15,22.4,22.6,22.25,22.45,"15,399,000"
12-Feb-15,22.3,22.6,22.25,22.4,"17,899,000"
11-Feb-15,22.2,22.45,22.05,22.1,"15,819,000"
10-Feb-15,21.8,22.6,21.8,22,"28,402,000"
9-Feb-15,22.4,22.4,21.9,21.9,"32,323,000"
6-Feb-15,22.9,22.9,22.35,22.6,"48,054,000"
5-Feb-15,23.3,23.35,23.05,23.15,"17,480,000"
4-Feb-15,22.3,22.95,22.3,22.95,"28,630,000"
3-Feb-15,22.5,22.95,22.5,22.8,"19,710,000"
2-Feb-15,23.75,23.8,22.9,23.1,"22,152,000"
30-Jan-15,23.5,24.2,23.3,24.2,"26,938,000"
29-Jan-15,23.75,23.95,23.05,23.4,"34,409,000"
28-Jan-15,24,24.15,23.65,23.75,"12,355,000"
27-Jan-15,24.75,24.8,24.05,24.25,"12,204,000"
26-Jan-15,24.4,24.8,24.4,24.5,"18,178,000"
23-Jan-15,24.35,24.55,24.05,24.3,"19,980,000"
22-Jan-15,24.3,24.4,24.1,24.3,"13,532,000"
21-Jan-15,24.1,24.45,24.05,24.3,"20,238,000"
20-Jan-15,23.7,24,23.7,23.85,"14,852,000"
19-Jan-15,24,24.2,23.55,23.55,"23,783,000"
16-Jan-15,24.5,24.75,23.9,24.3,"32,239,000"
15-Jan-15,24.5,24.55,24,24.2,"25,777,000"
14-Jan-15,24.95,24.95,24.25,24.7,"25,694,000"
13-Jan-15,24.55,24.9,24.45,24.65,"37,758,000"
12-Jan-15,24.5,24.75,24.1,24.2,"27,820,000"
9-Jan-15,23.6,24.5,23.45,24.5,"48,163,000"
8-Jan-15,23.9,23.95,23.05,23.6,"48,438,000"
7-Jan-15,23.4,23.9,23.2,23.5,"51,376,000"
6-Jan-15,23.05,23.55,22.95,22.95,"50,541,000"
5-Jan-15,22.5,23,22.3,23,"30,365,000"
31-Dec-14,21.75,22.45,21.6,22.15,"35,048,000"
30-Dec-14,21.45,22,21.25,21.55,"32,149,000"
29-Dec-14,21.8,21.9,20.85,21.3,"27,721,000"
26-Dec-14,21,21.25,20.9,21.25,"17,030,000"
25-Dec-14,21.05,21.4,21,21.15,"24,556,000"
24-Dec-14,21.7,21.85,21.3,21.5,"25,243,000"
23-Dec-14,22.1,22.6,21.85,21.85,"29,704,000"
22-Dec-14,22.05,22.15,21.5,22.05,"27,414,000"
19-Dec-14,21.9,22.85,21.7,22.1,"45,732,000"
18-Dec-14,21,21.6,21,21.45,"23,986,000"
17-Dec-14,22.2,22.3,20.8,20.85,"39,669,000"
16-Dec-14,22.65,22.65,22.3,22.3,"17,198,000"
15-Dec-14,22.45,22.75,22.3,22.45,"20,122,000"
12-Dec-14,22.9,23,22.25,22.35,"23,956,000"
11-Dec-14,22.5,23.3,22.5,22.55,"39,607,000"
10-Dec-14,22.5,22.85,22.25,22.7,"29,104,000"
9-Dec-14,22.9,23.1,22.05,22.35,"33,984,000"
8-Dec-14,23.6,23.9,22.2,22.5,"39,291,000"
5-Dec-14,22.1,23.1,22.1,23,"35,794,000"
4-Dec-14,23,23.35,22.15,22.4,"47,306,000"
3-Dec-14,21.65,22.8,21.55,22.8,"54,191,000"
2-Dec-14,20.95,21.55,20.85,21.35,"36,485,000"
1-Dec-14,20.2,21.4,20.2,21.35,"64,262,000"
28-Nov-14,19.6,20.15,19.6,20,"64,234,000"
27-Nov-14,19,19,18.65,18.85,"11,172,000"
26-Nov-14,19,19.2,18.75,18.75,"11,493,000"
25-Nov-14,18.95,19.3,18.9,18.9,"20,508,000"
24-Nov-14,18.7,18.9,18.6,18.9,"8,871,000"
21-Nov-14,18.6,18.7,18.5,18.6,"11,773,000"
20-Nov-14,19.1,19.15,18.7,18.8,"14,885,000"
19-Nov-14,18.75,19.15,18.45,19,"23,657,000"
18-Nov-14,19.2,19.4,18.6,18.75,"23,695,000"
17-Nov-14,19.6,19.6,18.9,19.2,"28,792,000"
14-Nov-14,18.9,20,18.9,19.65,"57,720,000"
13-Nov-14,18.8,18.8,18.6,18.7,"7,517,000"
12-Nov-14,18.6,18.8,18.45,18.7,"9,878,000"
11-Nov-14,19,19,18.5,18.55,"11,283,000"
10-Nov-14,18.6,19,18.5,18.85,"21,149,000"
7-Nov-14,18.3,18.65,18.3,18.4,"17,072,000"
6-Nov-14,18.75,18.75,18.25,18.3,"22,454,000"
5-Nov-14,19.1,19.3,18.55,18.75,"30,219,000"
4-Nov-14,18.5,18.9,18.5,18.85,"38,965,000"
3-Nov-14,18,18.45,17.9,18.35,"35,321,000"
31-Oct-14,18.05,18.2,17.75,17.8,"23,112,000"
30-Oct-14,17.45,18.15,17.25,17.75,"44,286,000"
29-Oct-14,17.6,17.65,17.2,17.5,"20,678,000"
28-Oct-14,17.4,17.65,17.2,17.5,"20,703,000"
27-Oct-14,17.6,17.75,17.1,17.2,"20,272,000"
24-Oct-14,17.7,17.8,17.3,17.4,"52,967,000"
23-Oct-14,16.65,17.75,16.65,17.7,"66,526,000"
22-Oct-14,16.55,16.8,16.55,16.6,"23,907,000"
21-Oct-14,16.15,16.45,15.95,16.45,"10,917,000"
20-Oct-14,15.95,16.15,15.95,16.1,"8,607,000"
17-Oct-14,16.05,16.2,15.55,15.7,"18,524,000"
16-Oct-14,16.3,16.5,15.95,16.05,"19,928,000"
15-Oct-14,15.8,16.65,15.8,16.4,"33,517,000"
14-Oct-14,15.3,15.7,15.3,15.7,"8,810,000"
13-Oct-14,15.5,15.55,15.1,15.35,"9,158,000"
9-Oct-14,15.8,15.9,15.75,15.9,"6,177,000"
8-Oct-14,15.75,15.9,15.7,15.7,"6,040,000"
7-Oct-14,15.8,15.9,15.7,15.85,"5,045,000"
6-Oct-14,15.9,15.9,15.75,15.8,"3,838,000"
3-Oct-14,15.65,15.85,15.65,15.75,"3,876,000"
2-Oct-14,15.8,15.85,15.55,15.65,"9,047,000"
1-Oct-14,16.1,16.1,15.8,15.9,"9,101,000"
30-Sep-14,15.9,16.15,15.8,16.1,"19,835,000"
29-Sep-14,15.8,15.9,15.7,15.8,"8,353,000"
26-Sep-14,15.7,15.8,15.6,15.7,"4,289,000"
25-Sep-14,15.85,15.9,15.65,15.75,"4,795,000"
24-Sep-14,15.6,15.8,15.6,15.75,"2,618,000"
23-Sep-14,15.75,15.85,15.65,15.65,"4,062,000"
22-Sep-14,15.75,15.8,15.6,15.8,"4,454,000"
19-Sep-14,15.9,15.9,15.7,15.75,"5,836,000"
18-Sep-14,15.65,15.9,15.65,15.8,"10,674,000"
17-Sep-14,15.55,15.7,15.45,15.6,"5,793,000"
16-Sep-14,15.75,15.8,15.55,15.55,"5,905,000"
15-Sep-14,15.65,15.9,15.6,15.75,"12,836,000"
12-Sep-14,15.65,15.7,15.55,15.6,"9,743,000"
11-Sep-14,15.4,15.65,15.3,15.6,"15,834,000"
10-Sep-14,15.3,15.3,15.1,15.2,"3,843,000"
9-Sep-14,15.25,15.3,15.2,15.3,"3,846,000"
5-Sep-14,15.2,15.2,15.1,15.2,"2,327,000"
4-Sep-14,15.15,15.25,15,15.2,"5,697,000"
3-Sep-14,15,15.15,15,15.15,"5,428,000"
2-Sep-14,15,15.05,14.9,14.9,"1,672,000"
1-Sep-14,15.05,15.1,14.95,15,"1,507,000"
29-Aug-14,15,15.15,14.95,15,"3,100,000"
28-Aug-14,15.1,15.15,15,15.05,"2,357,000"
27-Aug-14,15.05,15.15,15,15.1,"2,967,000"
26-Aug-14,15.2,15.2,15,15.05,"3,331,000"
25-Aug-14,14.9,15.2,14.85,15.15,"10,503,000"
22-Aug-14,14.7,14.9,14.6,14.8,"5,115,000"
21-Aug-14,14.75,14.8,14.55,14.55,"3,759,000"
20-Aug-14,14.6,14.95,14.5,14.7,"7,703,000"
19-Aug-14,14.45,14.5,14.4,14.5,"1,600,000"
18-Aug-14,14.55,14.55,14.35,14.35,"1,926,000"
15-Aug-14,14.6,14.65,14.45,14.55,"3,084,000"
14-Aug-14,14.55,14.55,14.35,14.45,"2,170,000"
13-Aug-14,14.45,14.5,14.3,14.5,"2,931,000"
12-Aug-14,14.6,14.6,14.4,14.4,"2,110,000"
11-Aug-14,14.55,14.65,14.45,14.5,"2,106,000"
8-Aug-14,14.5,14.55,14.35,14.35,"1,966,000"
7-Aug-14,14.4,14.5,14.35,14.45,"1,763,000"
6-Aug-14,14.4,14.5,14.35,14.35,"2,215,000"
5-Aug-14,14.8,14.8,14.35,14.35,"7,565,000"
4-Aug-14,15,15,14.8,14.8,"2,772,000"
1-Aug-14,14.8,15.05,14.8,14.9,"2,949,000"
31-Jul-14,15,15.05,14.85,14.85,"3,835,000"
30-Jul-14,15,15,14.85,15,"3,615,000"
29-Jul-14,14.85,15,14.8,14.95,"3,635,000"
28-Jul-14,15,15,14.8,14.8,"3,842,000"
25-Jul-14,14.95,15,14.85,15,"2,651,000"
24-Jul-14,14.9,14.95,14.85,14.9,"2,682,000"
22-Jul-14,14.95,15,14.85,15,"3,074,000"
21-Jul-14,15.1,15.1,14.95,14.95,"3,447,000"
18-Jul-14,15.05,15.1,14.9,14.95,"7,365,000"
17-Jul-14,15.25,15.3,15.1,15.25,"5,465,000"
16-Jul-14,15.15,15.3,15,15.2,"10,215,000"
15-Jul-14,15.2,15.2,15.05,15.1,"6,876,000"
14-Jul-14,14.7,15.15,14.7,15.15,"14,611,000"
11-Jul-14,14.65,14.75,14.55,14.6,"5,272,000"
10-Jul-14,14.6,14.65,14.5,14.55,"3,343,000"
9-Jul-14,14.5,14.6,14.45,14.55,"3,335,000"
8-Jul-14,14.6,14.6,14.4,14.45,"3,014,000"
7-Jul-14,14.65,14.65,14.45,14.6,"2,645,000"
4-Jul-14,14.3,14.7,14.25,14.65,"9,857,000"
3-Jul-14,14.35,14.35,14.25,14.25,"2,433,000"
2-Jul-14,14.45,14.45,14.3,14.35,"4,262,000"
1-Jul-14,14.4,14.45,14.3,14.4,"3,628,000"
30-Jun-14,14.2,14.35,14.2,14.35,"2,424,000"
27-Jun-14,14.45,14.5,14.3,14.35,"2,555,000"
26-Jun-14,14.1,14.5,14.1,14.4,"4,462,000"
25-Jun-14,14.1,14.2,14.05,14.1,"2,797,000"
24-Jun-14,14.05,14.15,14.05,14.1,"4,943,000"
23-Jun-14,14.4,14.4,14,14.05,"10,166,000"
20-Jun-14,14.6,14.65,14.4,14.4,"9,662,000"
19-Jun-14,14.75,14.85,14.55,14.6,"8,711,000"
18-Jun-14,14.8,14.9,14.6,14.8,"8,093,000"
17-Jun-14,14.7,14.85,14.7,14.8,"2,978,000"
16-Jun-14,14.9,14.9,14.7,14.7,"6,010,000"
13-Jun-14,15,15.05,14.8,14.85,"8,008,000"
12-Jun-14,15.05,15.15,15,15.05,"2,896,000"
11-Jun-14,15.15,15.15,15.05,15.05,"3,093,000"
10-Jun-14,15,15.1,15,15.1,"4,177,000"
9-Jun-14,15.1,15.15,15,15,"2,944,000"
6-Jun-14,15.2,15.2,15.05,15.1,"4,020,000"
5-Jun-14,15.1,15.15,15.05,15.15,"4,198,000"
4-Jun-14,15.1,15.2,15.1,15.1,"2,619,000"
3-Jun-14,15.1,15.25,15.1,15.1,"2,979,000"
30-May-14,15.2,15.25,15.1,15.1,"6,623,000"
29-May-14,15.3,15.3,15.15,15.2,"1,953,000"
28-May-14,15.15,15.3,15.15,15.3,"3,130,000"
27-May-14,15.1,15.2,15.1,15.1,"3,374,000"
26-May-14,15.2,15.25,15.1,15.1,"3,210,000"
23-May-14,15.25,15.35,15.15,15.25,"3,409,000"
22-May-14,15.15,15.3,15.15,15.3,"3,169,000"
21-May-14,15.15,15.25,15.15,15.25,"2,127,000"
20-May-14,15.2,15.3,15.15,15.25,"3,153,000"
19-May-14,15.3,15.3,15.2,15.2,"3,331,000"
16-May-14,15.35,15.4,15.1,15.35,"5,207,000"
15-May-14,15.55,15.55,15.45,15.5,"1,828,000"
14-May-14,15.5,15.6,15.4,15.55,"2,812,000"
13-May-14,15.5,15.6,15.4,15.5,"2,321,000"
12-May-14,15.4,15.6,15.35,15.5,"2,745,000"
9-May-14,15.55,15.6,15.4,15.45,"3,093,000"
8-May-14,15.5,15.55,15.35,15.55,"3,170,000"
7-May-14,15.3,15.4,15.2,15.4,"2,810,000"
6-May-14,15.25,15.3,15.2,15.3,"1,729,000"
5-May-14,15.4,15.4,15.25,15.35,"2,131,000"
2-May-14,15.3,15.4,15.25,15.35,"2,699,000"
30-Apr-14,15.3,15.35,15.15,15.3,"2,521,000"
29-Apr-14,15.2,15.3,15.15,15.3,"2,261,000"
28-Apr-14,15.1,15.25,15.05,15.15,"7,328,000"
25-Apr-14,15.6,15.65,15.1,15.25,"5,195,000"
24-Apr-14,15.7,15.7,15.5,15.6,"4,097,000"
23-Apr-14,15.7,15.75,15.6,15.7,"1,710,000"
22-Apr-14,15.65,15.7,15.6,15.7,"1,887,000"
21-Apr-14,15.75,15.75,15.6,15.65,"2,431,000"
18-Apr-14,15.85,15.85,15.7,15.75,"1,947,000"
17-Apr-14,15.7,15.85,15.7,15.75,"3,261,000"
16-Apr-14,15.75,15.85,15.7,15.7,"3,345,000"
15-Apr-14,15.7,15.8,15.65,15.75,"2,896,000"
14-Apr-14,15.7,15.8,15.6,15.7,"3,375,000"
11-Apr-14,15.7,15.8,15.6,15.75,"4,287,000"
10-Apr-14,15.6,15.7,15.45,15.7,"4,853,000"
9-Apr-14,15.55,15.55,15.45,15.55,"2,806,000"
8-Apr-14,15.5,15.55,15.4,15.55,"1,829,000"
7-Apr-14,15.45,15.5,15.3,15.5,"3,964,000"
3-Apr-14,15.5,15.5,15.3,15.45,"4,890,000"
2-Apr-14,15.45,15.5,15.35,15.45,"2,772,000"
1-Apr-14,15.3,15.45,15.3,15.45,"2,534,000"
31-Mar-14,15.45,15.5,15.3,15.3,"3,124,000"
28-Mar-14,15.5,15.5,15.35,15.45,"2,567,000"
27-Mar-14,15.35,15.5,15.3,15.5,"2,696,000"
26-Mar-14,15.35,15.4,15.3,15.35,"2,954,000"
25-Mar-14,15.35,15.4,15.3,15.35,"1,432,000"
24-Mar-14,15.2,15.45,15.2,15.45,"2,135,000"
21-Mar-14,15.25,15.4,15.2,15.35,"4,156,000"
20-Mar-14,15.3,15.35,15.2,15.2,"6,762,000"
19-Mar-14,15.5,15.55,15.35,15.4,"2,764,000"
18-Mar-14,15.5,15.55,15.45,15.5,"2,100,000"
17-Mar-14,15.45,15.5,15.35,15.5,"2,304,000"
14-Mar-14,15.65,15.65,15.45,15.45,"2,798,000"
13-Mar-14,15.7,15.75,15.55,15.65,"3,061,000"
12-Mar-14,15.6,15.7,15.45,15.7,"5,075,000"
11-Mar-14,15.4,15.6,15.2,15.5,"5,504,000"
10-Mar-14,15.6,15.6,15.35,15.45,"7,050,000"
7-Mar-14,15.75,15.75,15.55,15.7,"7,407,000"
6-Mar-14,15.6,15.65,15.5,15.65,"6,065,000"
5-Mar-14,15.6,15.65,15.5,15.5,"4,433,000"
4-Mar-14,15.5,15.6,15.4,15.4,"5,225,000"
3-Mar-14,15.55,15.65,15.45,15.5,"6,812,000"
27-Feb-14,15.7,15.7,15.5,15.55,"6,747,000"
26-Feb-14,15.4,15.6,15.4,15.6,"6,485,000"
25-Feb-14,15.5,15.55,15.35,15.4,"8,049,000"
24-Feb-14,15.6,15.7,15.45,15.45,"5,584,000"
21-Feb-14,15.6,15.7,15.5,15.6,"4,744,000"
20-Feb-14,15.65,15.7,15.5,15.5,"4,661,000"
19-Feb-14,15.75,15.75,15.55,15.6,"4,489,000"
18-Feb-14,15.75,15.8,15.7,15.7,"2,299,000"
17-Feb-14,15.75,15.8,15.7,15.7,"2,922,000"
14-Feb-14,15.65,15.8,15.6,15.65,"4,663,000"
13-Feb-14,15.75,15.8,15.5,15.6,"8,810,000"
12-Feb-14,15.85,15.95,15.7,15.75,"8,836,000"
11-Feb-14,15.85,15.95,15.8,15.85,"2,857,000"
10-Feb-14,15.95,15.95,15.8,15.85,"5,269,000"
7-Feb-14,15.95,15.95,15.8,15.9,"5,698,000"
6-Feb-14,15.85,15.9,15.7,15.8,"11,457,000"
5-Feb-14,16.1,16.2,15.8,15.8,"13,139,000"
27-Jan-14,16.2,16.25,16,16.1,"11,542,000"
24-Jan-14,16.35,16.4,16.25,16.3,"5,174,000"
23-Jan-14,16.4,16.45,16.3,16.35,"3,949,000"
22-Jan-14,16.3,16.4,16.25,16.4,"5,288,000"
21-Jan-14,16.4,16.45,16.25,16.25,"9,819,000"
20-Jan-14,16.45,16.5,16.3,16.3,"6,884,000"
17-Jan-14,16.4,16.5,16.35,16.4,"6,723,000"
16-Jan-14,16.6,16.7,16.4,16.4,"11,793,000"
15-Jan-14,16.6,16.65,16.5,16.55,"7,680,000"
14-Jan-14,16.7,16.75,16.6,16.6,"6,479,000"
13-Jan-14,16.7,16.8,16.6,16.6,"5,745,000"
10-Jan-14,16.7,16.8,16.6,16.65,"5,758,000"
9-Jan-14,16.65,16.75,16.65,16.65,"5,972,000"
8-Jan-14,16.8,16.9,16.65,16.65,"12,681,000"
7-Jan-14,16.75,16.8,16.7,16.7,"5,890,000"
6-Jan-14,16.75,16.9,16.75,16.75,"5,693,000"
3-Jan-14,16.6,16.9,16.6,16.7,"10,940,000"
2-Jan-14,16.65,16.7,16.55,16.6,"4,008,000"
31-Dec-13,16.7,16.75,16.6,16.6,"4,571,000"
30-Dec-13,16.7,16.7,16.55,16.7,"4,648,000"
27-Dec-13,16.55,16.7,16.55,16.6,"2,811,000"
26-Dec-13,16.65,16.65,16.55,16.6,"2,498,000"
25-Dec-13,16.65,16.7,16.55,16.6,"2,710,000"
24-Dec-13,16.7,16.7,16.6,16.65,"2,543,000"
23-Dec-13,16.55,16.7,16.55,16.6,"3,932,000"
20-Dec-13,16.5,16.55,16.4,16.55,"2,544,000"
19-Dec-13,16.45,16.55,16.4,16.5,"3,191,000"
18-Dec-13,16.4,16.4,16.25,16.35,"3,680,000"
17-Dec-13,16.35,16.45,16.25,16.35,"7,825,000"
16-Dec-13,16.65,16.65,16.35,16.35,"9,117,000"
13-Dec-13,16.55,16.65,16.55,16.6,"3,679,000"
12-Dec-13,16.6,16.65,16.55,16.55,"2,838,000"
11-Dec-13,16.6,16.85,16.55,16.65,"6,806,000"
10-Dec-13,16.6,16.75,16.6,16.65,"3,484,000"
9-Dec-13,16.7,16.8,16.7,16.7,"5,016,000"
6-Dec-13,16.5,16.75,16.5,16.65,"8,575,000"
5-Dec-13,16.8,16.8,16.5,16.55,"9,282,000"
4-Dec-13,16.85,16.9,16.75,16.8,"9,254,000"
3-Dec-13,16.9,17,16.85,17,"6,146,000"
2-Dec-13,17.1,17.15,16.95,17,"7,631,000"
29-Nov-13,17.1,17.1,16.95,17.05,"8,914,000"
28-Nov-13,17.1,17.15,16.9,16.95,"12,888,000"
27-Nov-13,17.1,17.1,16.85,16.95,"18,987,000"
26-Nov-13,16.9,17.2,16.85,17,"38,601,000"
25-Nov-13,16.35,16.9,16.3,16.8,"33,067,000"
22-Nov-13,16.1,16.25,16,16.2,"5,979,000"
21-Nov-13,16.05,16.2,16,16.1,"5,660,000"
20-Nov-13,16.2,16.25,16.05,16.1,"4,922,000"
19-Nov-13,16.15,16.25,16.1,16.15,"4,595,000"
18-Nov-13,16.45,16.5,16.1,16.15,"6,455,000"
15-Nov-13,16.45,16.5,16.3,16.4,"9,989,000"
14-Nov-13,16.4,16.5,16.25,16.25,"6,300,000"
13-Nov-13,16.35,16.35,16.2,16.2,"4,060,000"
12-Nov-13,16.1,16.25,15.95,16.25,"6,207,000"
11-Nov-13,16.1,16.15,15.9,15.95,"2,842,000"
8-Nov-13,16,16.1,15.95,16.1,"2,833,000"
7-Nov-13,16.1,16.1,15.95,16.05,"2,839,000"
6-Nov-13,16.05,16.15,16,16,"4,255,000"
5-Nov-13,16.1,16.15,16,16,"5,503,000"
4-Nov-13,16.2,16.35,16.1,16.1,"3,905,000"
1-Nov-13,16.35,16.4,16.05,16.2,"6,060,000"
31-Oct-13,16.2,16.35,16.15,16.35,"3,654,000"
30-Oct-13,16.2,16.3,16.15,16.25,"2,417,000"
29-Oct-13,16.35,16.4,16.1,16.2,"11,983,000"
28-Oct-13,16.45,16.45,16.25,16.35,"6,055,000"
25-Oct-13,16.3,16.5,16.25,16.3,"7,777,000"
24-Oct-13,16.4,16.45,16.25,16.3,"4,237,000"
23-Oct-13,16.45,16.5,16.25,16.4,"7,132,000"
22-Oct-13,16.45,16.5,16.3,16.3,"4,344,000"
21-Oct-13,16.6,16.6,16.35,16.4,"4,204,000"
18-Oct-13,16.65,16.65,16.55,16.6,"2,126,000"
17-Oct-13,16.6,16.65,16.45,16.65,"3,419,000"
16-Oct-13,16.65,16.65,16.4,16.45,"3,670,000"
15-Oct-13,16.35,16.7,16.3,16.65,"9,869,000"
14-Oct-13,16.3,16.4,16.2,16.25,"2,368,000"
11-Oct-13,16.5,16.6,16.25,16.35,"5,417,000"
9-Oct-13,16.5,16.5,16.3,16.35,"5,119,000"
8-Oct-13,16.45,16.65,16.45,16.5,"7,998,000"
7-Oct-13,16.55,16.65,16.45,16.45,"6,666,000"
4-Oct-13,16.6,16.7,16.55,16.65,"3,546,000"
3-Oct-13,16.7,16.75,16.6,16.65,"5,982,000"
2-Oct-13,16.6,16.75,16.4,16.6,"11,476,000"
1-Oct-13,16.8,16.9,16.5,16.55,"12,999,000"
30-Sep-13,16.95,16.95,16.7,16.8,"8,835,000"
27-Sep-13,16.5,16.95,16.5,16.95,"17,233,000"
26-Sep-13,16.65,16.65,16.4,16.45,"2,527,000"
25-Sep-13,16.65,16.7,16.55,16.55,"4,188,000"
24-Sep-13,16.6,16.7,16.55,16.65,"3,325,000"
23-Sep-13,16.6,16.7,16.55,16.6,"2,892,000"
18-Sep-13,16.6,16.65,16.5,16.55,"4,173,000"
17-Sep-13,16.65,16.65,16.45,16.55,"4,707,000"
16-Sep-13,16.65,16.7,16.55,16.65,"3,471,000"
13-Sep-13,16.5,16.65,16.5,16.55,"2,547,000"
12-Sep-13,16.75,16.75,16.6,16.7,"3,605,000"
11-Sep-13,16.7,16.7,16.5,16.7,"5,884,000"
10-Sep-13,16.5,16.75,16.45,16.6,"10,281,000"
9-Sep-13,16.2,16.45,16.15,16.45,"4,862,000"
6-Sep-13,16.35,16.4,16.2,16.25,"6,434,000"
5-Sep-13,16.15,16.45,16.1,16.4,"8,153,000"
4-Sep-13,16.05,16.1,15.9,16.1,"4,374,000"
3-Sep-13,16,16.1,15.95,16.05,"6,420,000"
2-Sep-13,16,16,15.75,15.95,"3,873,000"
30-Aug-13,15.9,15.95,15.8,15.9,"3,557,000"
29-Aug-13,15.7,15.9,15.7,15.85,"3,374,000"
28-Aug-13,15.9,16,15.7,15.7,"6,137,000"
27-Aug-13,16.2,16.2,15.95,15.95,"4,930,000"
26-Aug-13,16.15,16.2,15.9,16.2,"10,608,000"
23-Aug-13,16.3,16.3,16.05,16.1,"4,790,000"
22-Aug-13,16.2,16.25,16.05,16.15,"6,402,000"
20-Aug-13,16.25,16.5,16.2,16.25,"5,298,000"
19-Aug-13,16.25,16.4,16.2,16.25,"4,565,000"
16-Aug-13,16.25,16.4,16.25,16.3,"4,357,000"
15-Aug-13,16.4,16.45,16.25,16.45,"3,807,000"
14-Aug-13,16.55,16.6,16.4,16.5,"4,562,000"
13-Aug-13,16.3,16.55,16.3,16.55,"4,270,000"
12-Aug-13,16.3,16.45,16.3,16.3,"3,175,000"
9-Aug-13,16.5,16.5,16.25,16.3,"6,049,000"
8-Aug-13,16.5,16.55,16.35,16.35,"6,972,000"
7-Aug-13,16.5,16.6,16.4,16.5,"5,159,000"
6-Aug-13,16.7,16.75,16.5,16.55,"4,620,000"
5-Aug-13,16.75,16.85,16.65,16.7,"3,259,000"
2-Aug-13,16.9,16.95,16.65,16.85,"1,838,000"
1-Aug-13,16.75,16.8,16.65,16.65,"3,345,000"
31-Jul-13,16.8,17,16.7,16.7,"4,352,000"
30-Jul-13,16.9,17.05,16.9,16.95,"2,980,000"
29-Jul-13,16.9,17,16.8,16.9,"2,755,000"
26-Jul-13,17.1,17.1,16.9,16.9,"3,880,000"
25-Jul-13,17,17.1,16.95,16.95,"2,417,000"
24-Jul-13,17.1,17.15,16.95,17.1,"2,527,000"
23-Jul-13,17.1,17.1,16.9,17.1,"3,694,000"
22-Jul-13,17.1,17.1,16.9,16.9,"3,336,000"
19-Jul-13,17.1,17.2,17.05,17.1,"4,537,000"
18-Jul-13,17.15,17.25,17,17.05,"4,700,000"
17-Jul-13,17.05,17.15,17.05,17.15,"7,071,000"
16-Jul-13,16.9,17.1,16.8,17.05,"6,451,000"
15-Jul-13,16.9,16.95,16.75,16.9,"3,565,000"
12-Jul-13,16.85,16.9,16.65,16.9,"3,530,000"
11-Jul-13,16.85,16.85,16.7,16.85,"4,458,000"
10-Jul-13,16.7,16.85,16.55,16.65,"4,207,000"
9-Jul-13,16.5,16.8,16.5,16.8,"4,851,000"
8-Jul-13,16.9,16.9,16.35,16.5,"7,727,000"
5-Jul-13,16.85,17.1,16.85,17,"3,706,000"
4-Jul-13,16.7,16.85,16.7,16.7,"2,118,000"
3-Jul-13,17,17.05,16.7,16.7,"6,632,000"
2-Jul-13,17.05,17.25,17.05,17.05,"3,931,000"
1-Jul-13,17.1,17.15,17,17.05,"3,706,000"
28-Jun-13,17,17.15,16.85,17.15,"4,498,000"
27-Jun-13,17.05,17.05,16.9,16.95,"4,502,000"
26-Jun-13,17,17.05,16.8,16.9,"6,508,000"
25-Jun-13,16.9,16.9,16.6,16.65,"6,218,000"
24-Jun-13,16.95,17.05,16.8,16.9,"5,121,000"
21-Jun-13,16.7,17.3,16.6,16.75,"29,083,000"
20-Jun-13,17,17.25,16.9,16.9,"6,768,000"
19-Jun-13,17.45,17.5,17.1,17.1,"5,287,000"
18-Jun-13,17.2,17.4,17.2,17.35,"4,842,000"
17-Jun-13,17,17.05,16.85,16.9,"3,407,000"
14-Jun-13,16.8,17,16.75,17,"7,287,000"
13-Jun-13,17.05,17.1,16.8,16.8,"8,317,000"
11-Jun-13,17.55,17.55,17.2,17.2,"3,006,000"
10-Jun-13,17.3,17.55,17.25,17.55,"5,281,000"
7-Jun-13,17.3,17.55,17.1,17.1,"4,641,000"
6-Jun-13,17.4,17.6,17.25,17.35,"7,064,000"
5-Jun-13,17.5,17.85,17.5,17.55,"5,998,000"
4-Jun-13,17.9,18,17.6,17.65,"6,644,000"
3-Jun-13,18.25,18.35,17.9,17.9,"6,107,000"
31-May-13,18.45,18.5,18.3,18.5,"12,882,000"
30-May-13,18.2,18.5,18.15,18.35,"12,676,000"
29-May-13,18.3,18.5,18.05,18.4,"11,444,000"
28-May-13,18.05,18.25,17.85,18.2,"12,894,000"
27-May-13,18,18,17.65,17.95,"10,334,000"
24-May-13,17.5,18.2,17.5,17.85,"21,449,000"
23-May-13,17.5,17.55,17.15,17.45,"12,823,000"
22-May-13,17.1,17.75,17,17.5,"17,955,000"
21-May-13,17,17.1,16.9,17,"4,918,000"
20-May-13,17,17.15,16.85,17,"4,641,000"
17-May-13,17,17.1,16.75,16.8,"6,760,000"
16-May-13,17.2,17.2,16.8,17,"6,281,000"
15-May-13,17.1,17.2,17,17.2,"4,009,000"
14-May-13,17.2,17.35,17.05,17.05,"5,190,000"
13-May-13,17.25,17.3,17.1,17.2,"7,867,000"
10-May-13,16.9,17.2,16.9,17.2,"13,018,000"
9-May-13,17,17,16.8,16.9,"5,572,000"
8-May-13,16.6,16.95,16.6,16.9,"9,334,000"
7-May-13,16.6,16.7,16.55,16.6,"2,841,000"
6-May-13,16.65,16.8,16.55,16.6,"6,663,000"
3-May-13,16.65,16.75,16.55,16.55,"4,998,000"
2-May-13,16.65,16.7,16.55,16.55,"4,436,000"
30-Apr-13,16.75,16.8,16.45,16.45,"12,127,000"
29-Apr-13,16.65,16.75,16.55,16.75,"3,747,000"
26-Apr-13,16.65,16.75,16.45,16.6,"7,596,000"
25-Apr-13,16.55,16.6,16.4,16.5,"10,349,000"
24-Apr-13,17,17.1,16.85,16.9,"6,582,000"
23-Apr-13,17.1,17.2,16.9,16.95,"3,709,000"
22-Apr-13,17.1,17.2,17,17.05,"2,812,000"
19-Apr-13,17.2,17.2,16.95,17,"3,566,000"
18-Apr-13,17,17.05,16.85,17,"3,162,000"
17-Apr-13,17.2,17.35,17.05,17.05,"4,724,000"
16-Apr-13,16.65,17.1,16.65,17.1,"3,492,000"
15-Apr-13,17,17.1,16.7,16.75,"5,754,000"
12-Apr-13,17,17.25,16.85,17.25,"12,226,000"
11-Apr-13,16.6,17,16.5,17,"12,441,000"
10-Apr-13,16.25,16.5,16.2,16.5,"11,749,000"
9-Apr-13,16.45,16.55,16,16.15,"24,045,000"
8-Apr-13,16.45,16.6,16.45,16.45,"30,969,000"
3-Apr-13,17.8,17.85,17.6,17.65,"6,311,000"
2-Apr-13,17.7,17.9,17.65,17.75,"3,771,000"
1-Apr-13,17.9,17.9,17.7,17.7,"4,622,000"
29-Mar-13,17.65,18.05,17.65,17.95,"5,375,000"
28-Mar-13,17.85,17.9,17.65,17.65,"7,764,000"
27-Mar-13,17.9,18.15,17.85,17.95,"3,843,000"
26-Mar-13,18.25,18.25,17.9,17.9,"3,054,000"
25-Mar-13,18.2,18.25,18.1,18.1,"2,564,000"
22-Mar-13,18.2,18.25,18,18,"4,413,000"
21-Mar-13,18.3,18.3,18,18.1,"4,942,000"
20-Mar-13,18.1,18.2,17.9,18.2,"8,304,000"
19-Mar-13,17.85,18.1,17.85,17.95,"11,354,000"
18-Mar-13,18.35,18.35,17.75,17.8,"9,864,000"
15-Mar-13,18.45,18.65,18.35,18.45,"5,323,000"
14-Mar-13,18.55,18.7,18.4,18.4,"4,224,000"
13-Mar-13,18.7,19,18.55,18.55,"6,711,000"
12-Mar-13,18.9,19.1,18.75,18.8,"9,088,000"
11-Mar-13,18.9,19.05,18.85,18.9,"8,290,000"
8-Mar-13,19.15,19.15,18.8,18.9,"9,986,000"
7-Mar-13,18.85,19.05,18.75,18.8,"10,901,000"
6-Mar-13,18.45,18.8,18.45,18.75,"10,283,000"
5-Mar-13,18.65,18.7,18.4,18.4,"4,626,000"
4-Mar-13,18.75,18.8,18.3,18.65,"10,439,000"
1-Mar-13,18.7,18.85,18.65,18.75,"9,146,000"
27-Feb-13,18.75,18.8,18.6,18.65,"9,618,000"
26-Feb-13,18.5,18.9,18.45,18.65,"13,040,000"
25-Feb-13,18.7,19,18.5,18.9,"16,446,000"
22-Feb-13,18.5,18.75,18.35,18.6,"14,943,000"
21-Feb-13,18.35,18.6,18.1,18.5,"23,070,000"
20-Feb-13,18.15,18.55,18.1,18.55,"21,886,000"
19-Feb-13,17.75,18.1,17.75,18.05,"8,220,000"
18-Feb-13,18.4,18.4,17.75,17.75,"14,778,000"
6-Feb-13,18.4,18.6,18.25,18.3,"10,720,000"
5-Feb-13,18.8,18.8,18.25,18.35,"11,865,000"
4-Feb-13,19,19,18.8,18.85,"6,558,000"
1-Feb-13,19,19,18.75,18.85,"5,143,000"
31-Jan-13,19,19,18.8,18.9,"7,313,000"
30-Jan-13,19.2,19.35,18.75,18.75,"17,808,000"
29-Jan-13,19,19.25,18.8,19.2,"30,075,000"
28-Jan-13,18.25,18.95,18.2,18.95,"24,364,000"
25-Jan-13,18,18.25,17.95,18.15,"6,809,000"
24-Jan-13,18.25,18.25,17.9,17.9,"5,013,000"
23-Jan-13,18.35,18.35,18.2,18.25,"5,074,000"
22-Jan-13,18.5,18.5,18.2,18.2,"5,284,000"
21-Jan-13,18.3,18.5,18.1,18.4,"9,381,000"
18-Jan-13,18,18.3,17.9,18.2,"9,324,000"
17-Jan-13,18.4,18.8,17.8,17.85,"18,411,000"
16-Jan-13,18.4,18.6,18.25,18.35,"11,886,000"
15-Jan-13,18.7,18.8,18.3,18.4,"9,653,000"
14-Jan-13,18.8,18.8,18.5,18.75,"11,477,000"
11-Jan-13,18.5,18.85,18.5,18.75,"32,895,000"
10-Jan-13,17.8,18.45,17.75,18.35,"32,530,000"
9-Jan-13,17.65,17.9,17.6,17.7,"15,255,000"
8-Jan-13,17.7,17.75,17.55,17.7,"12,192,000"
7-Jan-13,17.7,17.75,17.5,17.7,"12,942,000"
4-Jan-13,17.45,17.7,17.3,17.65,"17,111,000"
3-Jan-13,17.35,17.4,17.15,17.4,"13,125,000"
2-Jan-13,17.15,17.35,17.05,17.2,"8,654,000"
28-Dec-12,17.2,17.2,17,17,"6,361,000"
27-Dec-12,16.95,17.1,16.9,17,"4,818,000"
26-Dec-12,17.05,17.1,16.95,16.95,"5,412,000"
25-Dec-12,16.8,17,16.65,16.95,"5,060,000"
24-Dec-12,16.85,16.9,16.7,16.75,"4,591,000"
22-Dec-12,16.8,16.9,16.75,16.8,"3,021,000"
21-Dec-12,17,17.05,16.75,16.75,"5,749,000"
20-Dec-12,17.2,17.2,16.95,16.95,"7,575,000"
19-Dec-12,17,17.5,16.95,17.2,"16,212,000"
18-Dec-12,16.9,17,16.9,16.9,"3,833,000"
17-Dec-12,17.1,17.2,16.85,16.85,"5,667,000"
14-Dec-12,17.2,17.2,17,17.05,"4,257,000"
13-Dec-12,17.15,17.25,17.05,17.2,"12,605,000"
12-Dec-12,17.15,17.15,16.95,17,"7,823,000"
11-Dec-12,16.95,17.05,16.8,17,"4,931,000"
10-Dec-12,17.05,17.15,16.85,16.85,"4,980,000"
7-Dec-12,17,17.2,17,17,"10,023,000"
6-Dec-12,17.15,17.25,16.95,16.95,"14,564,000"
5-Dec-12,17,17.15,16.85,17.05,"18,180,000"
4-Dec-12,16.75,17,16.55,17,"13,319,000"
3-Dec-12,16.9,17.1,16.75,16.85,"10,756,000"
30-Nov-12,16.6,16.95,16.6,16.85,"14,361,000"
29-Nov-12,16.6,16.85,16.6,16.6,"9,696,000"
28-Nov-12,16.6,16.65,16.45,16.5,"10,065,000"
27-Nov-12,17.05,17.05,16.7,16.7,"6,561,000"
26-Nov-12,16.85,17,16.65,17,"6,309,000"
23-Nov-12,16.4,16.8,16.4,16.8,"5,009,000"
22-Nov-12,16.3,16.5,16.2,16.3,"3,268,000"
21-Nov-12,16.45,16.55,16.2,16.25,"5,338,000"
20-Nov-12,16.75,16.75,16.4,16.4,"8,187,000"
19-Nov-12,16.8,16.85,16.55,16.75,"3,736,000"
16-Nov-12,16.85,16.9,16.75,16.85,"3,293,000"
15-Nov-12,16.7,16.8,16.55,16.7,"2,944,000"
14-Nov-12,16.7,16.8,16.6,16.7,"4,489,000"
13-Nov-12,16.85,16.9,16.6,16.7,"6,995,000"
12-Nov-12,16.9,17.1,16.9,16.9,"4,488,000"
9-Nov-12,16.95,17.15,16.85,17,"5,388,000"
8-Nov-12,17.3,17.35,17,17,"5,971,000"
7-Nov-12,17.35,17.4,17.15,17.35,"4,020,000"
6-Nov-12,17.05,17.4,17.05,17.35,"6,604,000"
5-Nov-12,17,17.15,16.9,17.05,"4,145,000"
2-Nov-12,17.25,17.25,16.95,17,"5,174,000"
1-Nov-12,17.1,17.2,16.9,17.2,"5,307,000"
31-Oct-12,17.2,17.5,16.95,16.95,"5,684,000"
30-Oct-12,17.05,17.2,16.9,17.1,"5,309,000"
29-Oct-12,16.95,17.1,16.85,16.9,"4,639,000"
26-Oct-12,17.6,17.75,16.75,16.8,"14,096,000"
25-Oct-12,17.55,17.65,17.5,17.55,"6,442,000"
24-Oct-12,17.9,17.9,17.55,17.55,"5,995,000"
23-Oct-12,17.85,18.05,17.85,17.9,"7,692,000"
22-Oct-12,17.6,17.9,17.5,17.75,"9,581,000"
19-Oct-12,17.7,17.7,17.5,17.5,"6,062,000"
18-Oct-12,17.85,17.85,17.55,17.6,"3,210,000"
17-Oct-12,18,18,17.7,17.7,"5,398,000"
16-Oct-12,18,18,17.7,17.85,"4,574,000"
15-Oct-12,17.8,17.95,17.7,17.8,"3,371,000"
12-Oct-12,17.8,17.9,17.7,17.85,"6,121,000"
11-Oct-12,17.6,18,17.5,17.8,"12,222,000"
9-Oct-12,17.95,18.1,17.7,17.7,"9,493,000"
8-Oct-12,18,18,17.7,17.75,"8,796,000"
5-Oct-12,18,18,17.8,17.85,"11,093,000"
4-Oct-12,18.2,18.35,18.05,18.15,"18,557,000"
3-Oct-12,17.9,18.2,17.9,17.9,"44,086,000"
2-Oct-12,17.4,18,17.4,17.7,"33,819,000"
1-Oct-12,17.5,17.5,17.05,17.15,"2,963,000"
28-Sep-12,17.25,17.35,17,17.2,"6,158,000"
27-Sep-12,17,17.15,16.95,17.1,"4,207,000"
26-Sep-12,17,17.3,16.8,17,"13,703,000"
25-Sep-12,17.8,17.8,17.55,17.55,"8,253,000"
24-Sep-12,17.55,17.65,17.3,17.6,"8,786,000"
21-Sep-12,17.6,17.6,17.3,17.45,"10,640,000"
20-Sep-12,17.4,17.85,17.4,17.5,"25,199,000"
19-Sep-12,17,17.2,17,17.2,"18,065,000"
18-Sep-12,16.9,17.05,16.75,16.75,"10,804,000"
17-Sep-12,16.75,17,16.65,16.75,"10,422,000"
14-Sep-12,16.7,16.75,16.55,16.65,"11,379,000"
13-Sep-12,16.5,16.7,16.5,16.65,"5,752,000"
12-Sep-12,16.65,16.85,16.5,16.5,"5,149,000"
11-Sep-12,16.85,16.85,16.45,16.6,"5,729,000"
10-Sep-12,16.9,17.1,16.8,16.85,"6,579,000"
7-Sep-12,16.85,16.95,16.75,16.9,"8,353,000"
6-Sep-12,16.55,16.75,16.45,16.6,"5,182,000"
5-Sep-12,16.55,16.65,16.35,16.5,"10,110,000"
4-Sep-12,16.8,16.85,16.5,16.6,"8,966,000"
3-Sep-12,16.8,16.95,16.7,16.8,"8,082,000"
31-Aug-12,17.05,17.05,16.8,16.8,"10,354,000"
30-Aug-12,17,17.15,16.9,17.05,"12,597,000"
29-Aug-12,16.95,16.95,16.85,16.95,"2,820,000"
28-Aug-12,16.9,17,16.8,16.9,"4,060,000"
27-Aug-12,17.2,17.2,16.8,16.85,"10,013,000"
24-Aug-12,17.35,17.35,17.15,17.2,"3,373,000"
23-Aug-12,17.3,17.35,17.1,17.25,"7,595,000"
22-Aug-12,17.15,17.3,17.1,17.25,"5,781,000"
21-Aug-12,17.25,17.45,17.1,17.15,"8,719,000"
20-Aug-12,17.8,17.85,17.05,17.25,"12,892,000"
17-Aug-12,17.6,17.9,17.6,17.9,"8,442,000"
16-Aug-12,17.55,17.9,17.55,17.7,"10,903,000"
15-Aug-12,17.85,17.85,17.55,17.7,"9,523,000"
14-Aug-12,17.2,17.85,17.2,17.75,"21,551,000"
13-Aug-12,17.6,17.6,17.2,17.2,"8,269,000"
10-Aug-12,17.6,17.75,17.35,17.5,"9,354,000"
9-Aug-12,17.55,17.7,17.5,17.55,"7,715,000"
8-Aug-12,17.55,17.65,17.35,17.4,"6,627,000"
7-Aug-12,17.55,17.6,17.35,17.5,"6,876,000"
6-Aug-12,17.8,17.8,17.45,17.5,"5,505,000"
3-Aug-12,17.4,17.65,17.3,17.6,"10,077,000"
1-Aug-12,17.6,17.6,17.4,17.4,"8,258,000"
31-Jul-12,17.25,17.6,17.25,17.6,"11,132,000"
30-Jul-12,17.25,17.35,17.1,17.25,"5,554,000"
27-Jul-12,16.95,17.25,16.75,17.25,"7,839,000"
26-Jul-12,16.85,16.9,16.65,16.65,"7,199,000"
25-Jul-12,16.7,16.9,16.55,16.6,"8,345,000"
24-Jul-12,16.6,16.85,16.6,16.7,"6,820,000"
23-Jul-12,17,17,16.6,16.7,"7,900,000"
20-Jul-12,17.25,17.3,17.05,17.1,"8,721,000"
19-Jul-12,17.6,17.6,17.3,17.35,"6,151,000"
18-Jul-12,17.8,17.8,17.4,17.4,"6,962,000"
17-Jul-12,17.35,18,17.3,17.9,"7,935,000"
16-Jul-12,17.45,17.5,17.25,17.3,"4,287,000"
13-Jul-12,17.65,17.65,17.2,17.3,"11,421,000"
12-Jul-12,17.9,17.9,17.4,17.5,"7,118,000"
11-Jul-12,17.95,17.95,17.8,17.85,"3,580,000"
10-Jul-12,17.8,18.05,17.7,17.75,"8,079,000"
9-Jul-12,17.75,17.85,17.6,17.6,"5,171,000"
6-Jul-12,17.7,17.85,17.55,17.6,"9,119,000"
5-Jul-12,17.7,17.9,17.65,17.7,"9,752,000"
4-Jul-12,17.65,17.7,17.4,17.55,"15,504,000"
3-Jul-12,17.8,18.05,17.75,17.8,"8,046,000"
2-Jul-12,18,18,17.75,17.75,"10,029,000"
29-Jun-12,18,18.2,17.95,18.15,"10,213,000"
28-Jun-12,18.65,18.7,18,18,"11,552,000"
27-Jun-12,18.4,18.65,18.2,18.65,"9,254,000"
26-Jun-12,18.5,18.6,18.25,18.35,"6,141,000"
25-Jun-12,18.55,18.8,18.35,18.5,"12,612,000"
