Date,Open,High,Low,Close,Volume
23-Jun-17,109.50,109.98,109.47,109.98,23837010
22-Jun-17,109.15,109.50,108.99,109.50,3156790
21-Jun-17,109.02,109.22,108.88,109.17,2796616
20-Jun-17,109.05,109.86,108.97,109.00,3010801
19-Jun-17,109.00,109.28,108.90,109.15,1809030
16-Jun-17,109.00,109.40,108.84,109.09,2075727
15-Jun-17,108.78,109.11,108.75,109.00,1315681
14-Jun-17,108.96,109.42,108.65,109.27,2478030
13-Jun-17,108.45,109.11,108.32,109.11,1959082
12-Jun-17,108.91,108.91,108.00,108.22,2889858
9-Jun-17,109.23,109.50,108.17,108.58,4308663
8-Jun-17,109.07,109.40,108.92,109.23,2064827
7-Jun-17,108.85,109.32,108.81,109.21,2903193
6-Jun-17,109.22,109.35,108.84,108.85,2724684
5-Jun-17,109.00,109.32,109.00,109.22,2537372
2-Jun-17,109.20,109.35,108.86,109.15,3789013
1-Jun-17,109.64,109.71,109.00,109.32,7466143
31-May-17,109.05,109.90,108.98,109.90,12507064
30-May-17,107.91,108.21,107.91,108.14,2111928
26-May-17,107.89,108.24,107.89,108.00,2620593
25-May-17,108.00,108.15,107.80,107.95,3058752
24-May-17,108.11,108.29,107.84,108.00,3686014
23-May-17,107.96,108.20,107.96,108.09,2996502
22-May-17,107.87,108.24,107.75,108.17,3259410
19-May-17,107.45,107.82,107.45,107.75,2773353
18-May-17,107.28,107.50,107.14,107.27,3252767
17-May-17,107.26,107.83,107.25,107.39,5324608
16-May-17,106.97,107.76,106.93,107.70,6256903
15-May-17,106.78,107.20,106.67,107.04,1854824
12-May-17,106.77,106.91,106.50,106.87,4860589
11-May-17,106.55,106.94,106.40,106.86,2924493
10-May-17,106.72,106.89,106.58,106.68,3242967
9-May-17,106.66,107.02,106.65,106.77,2152035
8-May-17,106.53,106.97,106.45,106.90,2710936
5-May-17,106.57,106.96,106.38,106.58,2512702
4-May-17,105.76,106.97,105.73,106.78,4468089
3-May-17,106.00,106.10,105.60,105.79,1199183
2-May-17,106.00,106.19,105.67,105.76,2297848
1-May-17,105.90,106.16,105.60,105.96,1946758
28-Apr-17,105.40,105.80,105.30,105.75,2050052
27-Apr-17,105.50,105.58,105.30,105.45,1981043
26-Apr-17,105.11,105.60,105.11,105.47,2824838
25-Apr-17,104.86,105.28,104.80,105.21,2253253
24-Apr-17,104.50,104.91,104.41,104.77,1644757
21-Apr-17,104.45,104.45,104.11,104.36,1813228
20-Apr-17,104.45,104.50,103.90,104.43,2904526
19-Apr-17,103.50,104.42,103.39,104.23,3463244
18-Apr-17,103.20,103.58,103.16,103.31,1495281
17-Apr-17,103.50,103.69,103.17,103.17,1998950
13-Apr-17,103.70,103.90,103.19,103.23,2698248
12-Apr-17,103.92,103.99,103.66,103.69,3112463
11-Apr-17,104.05,104.44,103.87,103.97,2272051
10-Apr-17,104.50,104.68,104.17,104.17,2051221
7-Apr-17,104.50,104.80,104.45,104.55,4128595
6-Apr-17,104.95,105.00,104.34,104.40,3719165
5-Apr-17,105.48,105.48,104.61,104.80,3961319
4-Apr-17,104.75,105.26,104.34,105.05,7817404
3-Apr-17,103.68,104.42,103.50,104.27,2955064
31-Mar-17,103.94,104.00,103.38,103.50,3326854
30-Mar-17,103.33,104.29,103.14,103.75,1697023
29-Mar-17,103.16,103.67,103.15,103.62,1622946
28-Mar-17,103.07,103.53,102.97,103.18,1246296
27-Mar-17,102.92,103.36,102.70,103.22,1182206
24-Mar-17,102.81,103.16,102.60,102.99,2153518
23-Mar-17,102.74,102.98,102.62,102.70,1720618
22-Mar-17,102.83,102.99,102.60,102.73,2040718
21-Mar-17,103.20,103.51,102.65,102.94,3273643
20-Mar-17,103.25,103.50,103.16,103.33,1158180
17-Mar-17,103.20,103.38,102.91,103.27,3096574
16-Mar-17,103.88,103.97,103.28,103.40,3891490
15-Mar-17,103.80,103.97,103.72,103.75,2702330
14-Mar-17,103.90,103.98,103.71,103.80,1669486
13-Mar-17,104.10,104.45,103.80,103.99,3592655
10-Mar-17,104.10,104.23,103.90,104.22,3012899
9-Mar-17,103.76,104.02,103.75,103.92,3101443
8-Mar-17,103.68,104.03,103.65,103.87,5757303
7-Mar-17,103.86,104.11,103.56,103.77,2881801
6-Mar-17,103.55,104.10,103.30,103.89,1535542
3-Mar-17,103.72,103.94,103.44,103.86,1484471
2-Mar-17,103.12,103.79,103.05,103.61,4282410
1-Mar-17,103.20,103.44,102.96,103.20,1797903
28-Feb-17,102.65,103.18,102.30,102.81,1650151
27-Feb-17,102.58,102.89,102.57,102.81,881055
24-Feb-17,102.20,102.86,102.19,102.83,2153608
23-Feb-17,102.65,102.89,102.46,102.59,1368286
22-Feb-17,102.60,102.89,102.40,102.65,1576878
21-Feb-17,102.21,102.75,102.21,102.60,1530121
17-Feb-17,102.31,102.78,102.18,102.40,1335362
16-Feb-17,102.65,102.74,102.41,102.49,1069978
15-Feb-17,102.25,102.74,102.25,102.58,1725068
14-Feb-17,102.00,102.49,101.91,102.28,2149155
13-Feb-17,102.10,102.49,101.85,102.26,1460372
10-Feb-17,101.76,102.31,101.75,101.99,2131363
9-Feb-17,102.00,102.17,101.55,101.60,1995669
8-Feb-17,101.47,102.16,101.04,102.08,3419412
7-Feb-17,100.65,101.28,100.44,101.27,2716584
6-Feb-17,99.85,101.25,99.76,100.05,12649562
3-Feb-17,99.00,99.50,98.90,99.46,1840348
2-Feb-17,98.10,99.34,98.10,99.01,3450411
1-Feb-17,98.39,98.58,97.75,97.75,4620993
31-Jan-17,97.75,98.17,97.46,97.85,2699390
30-Jan-17,98.05,98.20,97.25,98.02,2971901
27-Jan-17,97.40,97.99,97.30,97.88,2484538
26-Jan-17,97.43,97.62,97.11,97.26,3113378
25-Jan-17,96.83,97.81,96.83,97.50,3860287
24-Jan-17,96.23,97.32,96.06,96.70,4201211
23-Jan-17,97.50,97.70,96.00,96.00,9077842
20-Jan-17,98.20,98.30,97.68,97.80,2744224
19-Jan-17,98.14,98.26,97.81,98.06,2464636
18-Jan-17,98.09,98.34,97.86,98.01,1936800
17-Jan-17,98.50,98.62,97.61,97.62,5503282
13-Jan-17,98.21,98.62,97.97,98.38,2074849
12-Jan-17,98.49,98.58,98.26,98.30,1574853
11-Jan-17,98.49,98.61,98.28,98.48,1727308
10-Jan-17,98.54,98.79,98.26,98.63,2767909
9-Jan-17,98.25,98.47,97.97,98.11,2189584
6-Jan-17,98.70,98.72,97.99,98.21,2849128
5-Jan-17,98.48,98.79,98.18,98.40,2181845
4-Jan-17,97.67,98.36,97.65,98.30,3949710
3-Jan-17,98.25,98.25,97.55,97.66,2392843
30-Dec-16,98.16,98.44,97.68,98.01,2235882
29-Dec-16,98.40,98.64,98.01,98.10,1823494
28-Dec-16,99.11,99.18,98.36,98.39,2359266
27-Dec-16,98.40,99.21,98.39,99.00,1507046
23-Dec-16,97.90,98.50,97.80,98.20,1053124
22-Dec-16,97.60,97.91,97.39,97.88,1803053
21-Dec-16,97.00,97.75,96.95,97.70,1788720
20-Dec-16,97.31,97.77,96.85,97.10,2765858
19-Dec-16,97.29,97.52,97.04,97.13,2347105
16-Dec-16,97.82,97.90,97.01,97.19,4929700
15-Dec-16,97.75,98.29,97.70,97.78,4155412
14-Dec-16,98.20,98.39,97.80,97.83,3679751
13-Dec-16,98.35,98.62,98.08,98.20,3244221
12-Dec-16,98.14,98.50,98.06,98.14,1954880
9-Dec-16,98.45,98.58,98.00,98.33,1962214
8-Dec-16,98.65,98.99,98.12,98.15,2020002
7-Dec-16,98.00,98.45,97.57,98.39,2364185
6-Dec-16,97.56,98.20,97.52,97.81,2247047
5-Dec-16,98.24,98.34,97.65,97.80,2825620
2-Dec-16,98.00,98.55,97.75,97.97,3091479
1-Dec-16,99.02,99.40,97.75,97.75,5486571
30-Nov-16,99.21,99.35,98.83,99.15,4324201
29-Nov-16,99.00,99.45,98.57,98.85,2853743
28-Nov-16,99.97,100.00,98.96,99.06,4654674
25-Nov-16,99.40,99.59,99.14,99.51,1465556
23-Nov-16,98.60,99.52,98.50,99.33,2021802
22-Nov-16,98.95,99.25,98.34,98.84,1986907
21-Nov-16,99.28,99.43,98.31,98.59,2814052
18-Nov-16,98.51,99.05,98.35,98.88,2341874
17-Nov-16,98.00,98.57,97.65,98.06,2278937
16-Nov-16,97.82,98.69,97.68,97.83,2307498
15-Nov-16,96.63,98.04,96.33,97.80,3477547
14-Nov-16,98.00,98.00,96.61,96.74,4583263
11-Nov-16,96.50,98.05,96.50,97.73,3810246
10-Nov-16,97.41,97.56,95.88,96.59,8361871
9-Nov-16,98.50,98.76,97.01,97.28,7985396
8-Nov-16,98.80,99.43,98.55,99.01,4715339
7-Nov-16,99.11,99.34,98.65,98.72,5906774
4-Nov-16,98.72,99.24,98.32,98.70,3284592
3-Nov-16,99.25,99.60,98.69,98.74,4918541
2-Nov-16,99.51,99.67,99.00,99.03,5181916
1-Nov-16,100.00,100.05,99.33,99.55,6967013
31-Oct-16,99.81,100.30,99.72,100.00,7926712
28-Oct-16,99.75,100.26,99.20,99.78,13881228
27-Oct-16,100.36,100.70,98.74,99.08,36614100
26-Oct-16,100.41,101.15,97.87,98.66,6457962
25-Oct-16,101.65,101.65,100.50,100.64,3970996
24-Oct-16,101.62,102.00,100.51,101.84,3358525
21-Oct-16,105.39,105.56,100.80,101.71,14438873
20-Oct-16,100.48,107.54,99.39,104.49,7829065
19-Oct-16,101.20,101.65,100.88,101.03,1939071
18-Oct-16,101.65,102.23,101.25,101.65,1280511
17-Oct-16,100.87,101.94,100.60,100.88,1857732
14-Oct-16,102.36,103.09,101.13,101.40,2078321
13-Oct-16,101.87,102.00,100.30,101.84,3388236
12-Oct-16,101.52,103.20,100.75,102.74,2853418
11-Oct-16,102.77,102.77,100.69,101.93,4392760
10-Oct-16,102.36,103.71,102.05,102.83,3123458
7-Oct-16,103.82,103.92,102.09,102.99,4721426
6-Oct-16,102.50,105.29,100.82,103.49,10835146
5-Oct-16,103.19,104.31,102.36,102.50,4683721
4-Oct-16,102.76,104.95,102.50,103.23,5738113
3-Oct-16,102.98,105.00,101.98,102.76,6897084
30-Sep-16,99.70,104.64,99.70,102.01,23753422
29-Sep-16,82.11,98.09,81.50,96.12,24577569
28-Sep-16,82.54,83.40,81.81,82.24,2563018
27-Sep-16,82.23,83.20,81.74,82.43,3477016
26-Sep-16,83.05,83.74,82.40,82.53,2711457
23-Sep-16,84.03,85.00,83.53,83.90,2730478
22-Sep-16,84.30,84.53,83.71,84.39,1845305
21-Sep-16,83.17,83.67,82.64,83.38,1896214
20-Sep-16,83.77,83.90,82.48,82.79,2345446
19-Sep-16,84.35,84.54,82.35,82.99,3383476
16-Sep-16,85.87,86.23,83.45,83.75,3917919
15-Sep-16,83.48,85.85,83.28,85.54,2854831
14-Sep-16,81.91,83.55,81.91,83.55,2854391
13-Sep-16,83.15,83.31,81.56,82.50,3462862
12-Sep-16,80.99,83.20,80.13,82.91,4312444
9-Sep-16,84.80,84.93,81.22,81.40,5737457
8-Sep-16,86.51,86.84,85.36,85.89,3393906
7-Sep-16,87.63,87.78,86.59,86.61,2929640
6-Sep-16,87.89,87.98,86.52,87.83,3001192
2-Sep-16,88.25,88.25,87.46,88.15,2126094
1-Sep-16,88.38,88.99,87.39,87.95,3157180
31-Aug-16,88.13,88.40,87.51,88.02,2155662
30-Aug-16,89.20,89.61,88.05,88.50,1894644
29-Aug-16,88.69,89.55,88.68,88.94,1589990
26-Aug-16,87.58,89.29,87.35,88.49,2399772
25-Aug-16,87.42,88.49,87.40,87.61,2454357
24-Aug-16,88.63,89.86,86.88,87.35,2978451
23-Aug-16,88.88,89.17,87.73,88.86,2017646
22-Aug-16,88.13,88.61,87.79,88.13,1797403
19-Aug-16,87.58,89.04,87.57,88.38,2533677
18-Aug-16,88.46,88.74,87.40,87.60,1955021
17-Aug-16,87.51,88.30,87.07,88.26,1880454
16-Aug-16,88.50,88.53,87.33,87.41,2660449
15-Aug-16,86.65,88.80,86.32,88.52,3134981
12-Aug-16,85.49,86.40,85.45,86.03,1398885
11-Aug-16,86.38,86.74,85.69,86.18,1812775
10-Aug-16,86.56,86.59,85.26,85.72,1850651
9-Aug-16,86.25,86.97,86.10,86.37,1750300
8-Aug-16,86.00,87.09,85.31,85.92,2420119
5-Aug-16,84.48,86.31,84.38,85.74,2337853
4-Aug-16,83.46,84.40,82.79,84.25,2553883
3-Aug-16,81.76,83.22,81.72,83.15,2269071
2-Aug-16,84.51,84.61,81.67,81.85,5219704
1-Aug-16,84.43,84.50,83.65,84.23,3791534
29-Jul-16,84.43,85.83,83.25,84.09,4311032
28-Jul-16,84.68,87.80,83.06,84.35,8976056
27-Jul-16,88.82,89.10,87.03,87.44,6739714
26-Jul-16,85.16,87.94,85.16,87.90,9906480
25-Jul-16,84.18,84.96,83.64,83.95,3737932
22-Jul-16,82.85,84.63,82.21,84.40,4128350
21-Jul-16,84.21,84.65,83.13,83.29,6805224
20-Jul-16,82.16,84.86,81.81,84.17,6433204
19-Jul-16,81.93,82.42,81.28,81.54,2725608
18-Jul-16,80.56,81.83,80.40,81.73,4206818
15-Jul-16,79.97,80.25,79.50,79.68,2465324
14-Jul-16,78.90,80.06,78.23,79.58,9805879
13-Jul-16,81.20,81.45,80.41,80.68,3033018
12-Jul-16,80.80,81.87,80.28,80.61,3609417
11-Jul-16,80.25,80.77,79.71,79.84,3821239
8-Jul-16,77.06,79.22,76.82,79.15,3609094
7-Jul-16,76.24,77.74,75.93,76.47,3734669
6-Jul-16,75.94,76.52,75.04,76.05,3073803
5-Jul-16,77.46,77.59,75.90,76.44,3396804
1-Jul-16,77.83,78.42,77.56,77.97,2921235
30-Jun-16,78.30,78.53,76.31,78.34,7010080
29-Jun-16,78.14,79.43,77.72,78.32,5336185
28-Jun-16,77.79,78.00,75.70,76.47,4755703
27-Jun-16,77.50,78.00,73.62,75.04,10722131
24-Jun-16,81.53,84.19,78.80,80.07,10072129
23-Jun-16,86.79,87.39,86.57,87.36,3102694
22-Jun-16,85.51,86.91,85.44,85.92,2601706
21-Jun-16,85.88,86.12,85.30,85.87,2473118
20-Jun-16,86.98,87.27,85.17,85.35,3167207
17-Jun-16,86.23,86.23,84.15,85.02,3920970
16-Jun-16,85.03,86.20,83.83,86.13,3679026
15-Jun-16,87.71,87.90,85.82,85.99,4512621
14-Jun-16,88.04,88.15,85.84,87.37,4106597
13-Jun-16,87.40,88.88,87.24,87.40,3125116
10-Jun-16,89.25,89.69,87.96,88.43,3477072
9-Jun-16,90.00,90.49,89.36,90.29,2591270
8-Jun-16,90.50,90.65,90.07,90.50,3583059
7-Jun-16,90.85,90.85,90.29,90.49,4624195
6-Jun-16,90.66,90.80,90.13,90.26,6656821
3-Jun-16,94.00,94.00,91.69,92.07,4373133
2-Jun-16,93.95,94.10,93.06,93.50,3927271
1-Jun-16,94.10,94.35,93.46,94.34,4371954
31-May-16,92.81,94.49,92.27,94.49,29172290
27-May-16,91.37,92.78,91.16,92.12,2960864
26-May-16,91.49,92.48,90.94,91.33,2466980
25-May-16,92.18,92.80,91.00,91.95,2923496
24-May-16,90.35,91.91,89.25,91.58,5199553
23-May-16,89.51,90.37,88.82,88.96,2571592
20-May-16,87.50,88.81,87.00,88.39,4149394
19-May-16,87.02,87.85,85.54,86.43,2038999
18-May-16,84.96,87.52,84.56,87.03,3737848
17-May-16,85.65,85.92,84.28,84.75,2221807
16-May-16,84.79,85.94,84.00,84.97,2729437
13-May-16,83.59,84.73,83.00,83.07,2757652
12-May-16,85.53,86.00,81.95,83.25,4266884
11-May-16,85.54,86.87,85.52,85.59,1571118
10-May-16,85.35,86.39,84.76,86.07,1993400
9-May-16,85.53,86.50,84.57,85.04,2244254
6-May-16,84.94,86.33,84.25,85.36,2762627
5-May-16,85.89,86.24,84.83,85.24,4978510
4-May-16,84.63,85.54,83.72,83.82,3340480
3-May-16,85.67,86.03,84.51,85.47,3517364
2-May-16,85.12,86.61,84.38,86.34,3661592
29-Apr-16,86.25,86.42,83.64,85.28,8039772
28-Apr-16,88.25,91.18,85.28,85.87,5478206
27-Apr-16,86.00,88.98,85.94,88.94,6551555
26-Apr-16,87.13,89.79,85.83,86.69,18142402
25-Apr-16,83.79,84.68,81.89,83.34,4552382
22-Apr-16,83.75,85.40,82.80,84.39,3378985
21-Apr-16,84.83,84.97,83.76,84.14,1608662
20-Apr-16,83.60,85.61,83.08,85.01,3011974
19-Apr-16,84.07,84.34,81.96,82.89,3008888
18-Apr-16,84.02,84.68,83.62,84.13,3020670
15-Apr-16,84.43,84.94,84.00,84.38,5339855
14-Apr-16,84.32,85.62,83.74,85.49,2918251
13-Apr-16,83.45,85.45,83.10,85.05,4154076
12-Apr-16,83.50,83.50,81.63,82.69,2561644
11-Apr-16,83.54,84.25,82.94,82.98,2608247
8-Apr-16,83.51,84.58,82.27,82.74,3478415
7-Apr-16,82.50,82.70,80.99,81.26,2093675
6-Apr-16,80.52,83.17,80.52,83.02,1845302
5-Apr-16,80.59,81.79,80.40,81.12,1878270
4-Apr-16,81.20,82.48,80.87,81.57,2001520
1-Apr-16,80.21,82.19,80.05,82.05,2542773
31-Mar-16,81.64,81.93,80.50,81.07,4008691
30-Mar-16,80.99,82.10,80.94,81.75,4768016
29-Mar-16,80.44,81.97,79.44,81.69,2767990
28-Mar-16,81.51,81.76,79.93,80.87,1400517
24-Mar-16,80.50,81.32,79.56,81.25,2718169
23-Mar-16,83.25,83.34,81.14,81.22,2033456
22-Mar-16,81.70,83.12,81.39,83.06,1952489
21-Mar-16,82.69,83.60,81.91,82.75,2128428
18-Mar-16,81.45,83.47,81.24,83.38,4415168
17-Mar-16,79.16,81.40,79.16,81.22,3754286
16-Mar-16,78.45,80.10,78.19,79.89,4329369
15-Mar-16,78.50,79.22,77.25,79.07,4006809
14-Mar-16,78.00,79.23,77.45,78.81,2370778
11-Mar-16,78.01,78.39,77.22,78.10,3943147
10-Mar-16,77.42,78.44,75.39,77.22,2690293
9-Mar-16,75.56,76.98,74.40,76.73,2800970
8-Mar-16,76.21,76.79,74.52,75.48,2885507
7-Mar-16,76.57,78.32,75.44,76.98,3721838
4-Mar-16,75.66,78.44,75.39,76.63,4272844
3-Mar-16,75.65,75.73,73.60,74.52,2671772
2-Mar-16,74.25,75.92,74.23,75.55,2992097
1-Mar-16,72.00,74.62,71.10,74.23,3605736
29-Feb-16,72.56,73.40,71.03,71.24,2783195
26-Feb-16,71.49,72.51,70.88,72.23,2827318
25-Feb-16,70.54,70.94,68.13,70.90,2725575
24-Feb-16,67.48,70.14,66.67,70.01,2870630
23-Feb-16,70.00,70.05,68.17,68.24,2426478
22-Feb-16,67.15,69.99,67.00,69.91,3622687
19-Feb-16,67.33,67.34,66.03,66.47,4103929
18-Feb-16,70.44,70.63,67.43,67.60,5744466
17-Feb-16,69.93,71.77,69.06,70.35,4364679
16-Feb-16,68.90,69.98,67.91,69.44,3901361
12-Feb-16,66.15,67.81,64.75,67.30,3073764
11-Feb-16,64.62,66.71,64.45,65.07,4426876
10-Feb-16,66.15,68.17,65.71,66.15,5701580
9-Feb-16,61.66,66.85,61.61,65.54,5345377
8-Feb-16,69.07,69.39,62.42,64.00,10290335
5-Feb-16,75.46,76.49,70.37,70.70,4596559
4-Feb-16,74.21,77.00,71.79,76.31,10308314
3-Feb-16,73.53,73.76,69.50,70.78,5659415
2-Feb-16,75.17,75.53,72.32,72.88,3674912
1-Feb-16,73.94,76.94,73.72,76.34,3015259
29-Jan-16,71.54,74.79,70.75,74.78,3535907
28-Jan-16,71.15,71.85,69.39,70.28,2552135
27-Jan-16,70.87,72.20,70.00,70.65,2855639
26-Jan-16,72.75,73.52,71.17,71.66,3330604
25-Jan-16,74.11,74.50,72.16,72.38,2987683
22-Jan-16,73.60,75.55,73.36,74.72,3519542
21-Jan-16,71.43,73.58,70.67,72.06,4485967
20-Jan-16,67.50,71.67,67.11,70.81,6660460
19-Jan-16,69.89,71.19,68.02,68.43,4584747
15-Jan-16,70.27,71.08,66.93,68.65,9587751
14-Jan-16,74.01,74.89,70.22,74.51,6228860
13-Jan-16,77.90,78.97,74.03,74.25,3664872
12-Jan-16,77.99,78.77,76.07,77.78,5373821
11-Jan-16,75.69,77.89,75.44,77.22,4091160
8-Jan-16,75.95,77.84,74.51,75.18,6958497
7-Jan-16,77.93,78.98,75.90,76.00,6899910
6-Jan-16,80.55,81.65,78.91,80.35,5269077
5-Jan-16,85.29,85.76,82.23,82.39,3226493
4-Jan-16,82.00,84.74,81.55,84.44,2512537
31-Dec-15,85.43,85.87,84.15,84.25,2140026
30-Dec-15,85.79,86.66,85.57,85.76,1397853
29-Dec-15,85.86,86.56,84.38,86.32,1988292
28-Dec-15,85.84,86.00,84.40,85.88,1312233
24-Dec-15,84.89,87.16,84.53,86.42,1079765
23-Dec-15,85.30,85.58,84.10,84.53,2615145
22-Dec-15,85.14,85.96,83.91,85.27,2215050
21-Dec-15,85.25,85.98,84.48,85.28,1657789
18-Dec-15,83.99,85.56,83.01,84.10,3229740
17-Dec-15,86.91,87.72,84.52,84.58,2701056
16-Dec-15,84.52,86.20,83.96,85.92,2493725
15-Dec-15,83.06,84.99,83.00,83.92,3784484
14-Dec-15,83.17,83.73,81.85,83.44,4774591
11-Dec-15,86.68,87.85,83.20,83.28,3399734
10-Dec-15,86.67,89.89,85.38,88.46,5091535
9-Dec-15,86.84,87.34,85.45,86.24,5150473
8-Dec-15,85.10,88.36,84.90,87.55,5253166
7-Dec-15,90.06,90.99,86.09,86.25,7652976
4-Dec-15,89.85,91.20,88.50,90.45,5782266
3-Dec-15,92.99,93.88,89.49,89.92,5652330
2-Dec-15,93.27,94.21,91.45,91.92,5271568
1-Dec-15,92.72,94.14,91.97,94.09,7995902
30-Nov-15,88.50,93.46,88.42,93.46,25756915
27-Nov-15,84.90,88.76,84.77,88.36,4197399
25-Nov-15,83.43,85.51,82.79,84.48,3344705
24-Nov-15,80.01,84.51,80.00,83.34,6982714
23-Nov-15,79.07,80.75,78.28,78.56,3494264
20-Nov-15,81.54,81.54,79.10,79.77,2329216
19-Nov-15,81.54,81.98,80.23,80.92,2053518
18-Nov-15,78.15,82.29,78.08,81.91,3985649
17-Nov-15,78.91,79.45,78.02,78.42,2473719
16-Nov-15,77.70,79.22,77.37,78.73,2900848
13-Nov-15,79.12,79.93,77.71,77.82,3009225
12-Nov-15,80.75,81.40,79.04,79.44,3247709
11-Nov-15,80.32,82.64,80.31,81.34,2614008
10-Nov-15,79.50,80.99,78.65,80.57,4454038
9-Nov-15,80.79,81.57,79.66,81.12,2475410
6-Nov-15,79.51,81.27,79.26,80.89,3586876
5-Nov-15,80.10,80.75,78.31,79.50,3322157
4-Nov-15,78.67,80.05,78.15,79.98,4555601
3-Nov-15,76.06,79.96,76.06,78.49,5358487
2-Nov-15,77.64,80.46,75.90,76.63,7110263
30-Oct-15,73.26,78.78,73.10,78.35,15309092
29-Oct-15,74.73,80.96,72.53,73.00,36636179
28-Oct-15,91.70,92.08,89.72,90.92,4975041
27-Oct-15,91.15,92.49,89.18,90.30,3293700
26-Oct-15,94.60,95.26,91.11,91.41,3658478
23-Oct-15,96.59,97.69,93.69,96.09,6422654
22-Oct-15,93.01,98.09,93.01,97.95,8379284
21-Oct-15,92.69,93.66,91.05,91.32,2379378
20-Oct-15,93.39,93.39,91.61,91.99,2022945
19-Oct-15,93.52,94.19,92.21,93.42,2059065
16-Oct-15,93.93,94.18,92.44,93.22,2189756
15-Oct-15,92.41,95.16,92.40,94.09,4890951
14-Oct-15,87.73,92.31,86.62,91.52,5054542
13-Oct-15,88.03,88.39,86.80,87.02,2332350
12-Oct-15,88.51,89.92,87.80,89.01,3052519
9-Oct-15,86.01,88.08,85.78,87.32,2813550
8-Oct-15,84.66,86.71,82.98,86.49,3063869
7-Oct-15,85.50,86.30,82.72,84.94,3503576
6-Oct-15,84.98,86.29,81.93,84.73,4062366
5-Oct-15,86.11,87.75,85.15,85.30,3154356
2-Oct-15,83.96,85.94,83.08,85.88,3018159
1-Oct-15,86.09,86.19,82.35,85.34,3726596
30-Sep-15,83.75,87.40,83.70,87.07,3208671
29-Sep-15,83.09,84.09,80.88,82.32,2710732
28-Sep-15,86.75,86.75,82.36,82.43,2643148
25-Sep-15,86.50,88.56,85.59,86.71,2704474
24-Sep-15,84.27,86.49,80.79,85.68,5411766
23-Sep-15,86.41,87.00,85.13,85.57,2618814
22-Sep-15,88.58,88.88,86.05,86.35,3769473
21-Sep-15,90.15,91.60,89.30,90.35,2219020
18-Sep-15,89.54,91.25,88.50,90.08,3299021
17-Sep-15,90.81,92.99,90.23,91.02,2804453
16-Sep-15,90.50,91.00,89.13,90.94,2204212
15-Sep-15,90.85,92.67,90.30,90.47,2793874
14-Sep-15,89.94,90.52,88.22,90.26,2843881
11-Sep-15,86.20,88.74,85.13,88.41,3141436
10-Sep-15,88.10,89.23,86.10,86.88,4039117
9-Sep-15,91.98,94.90,88.64,88.87,4907240
8-Sep-15,87.13,91.15,87.00,90.68,4477427
4-Sep-15,83.86,86.32,83.71,84.43,2350590
3-Sep-15,85.12,86.85,84.87,85.71,2707534
2-Sep-15,82.81,84.92,81.68,84.89,3535296
1-Sep-15,82.07,84.84,81.32,81.84,3842882
31-Aug-15,85.75,86.59,84.05,84.65,2962864
28-Aug-15,86.00,87.30,85.83,86.73,1933834
27-Aug-15,87.66,88.25,84.97,86.64,5424169
26-Aug-15,84.48,85.38,80.79,85.02,4046066
25-Aug-15,83.39,84.74,80.64,80.84,5713150
24-Aug-15,73.59,83.84,72.05,79.26,9160154
21-Aug-15,78.47,82.97,78.47,80.33,6273789
20-Aug-15,86.16,86.16,81.75,82.02,7032143
19-Aug-15,89.01,89.59,86.43,87.01,5258909
18-Aug-15,91.64,92.19,87.95,88.34,4688027
17-Aug-15,90.84,91.67,89.97,91.58,4027432
14-Aug-15,93.65,93.81,91.38,91.62,3149904
13-Aug-15,93.42,94.42,91.93,93.65,3662224
12-Aug-15,92.92,94.89,90.05,93.82,8027473
11-Aug-15,97.53,98.00,95.39,96.28,3590050
10-Aug-15,96.82,99.47,96.42,99.28,2608808
7-Aug-15,95.28,96.52,94.01,96.34,2170739
6-Aug-15,97.47,97.50,93.24,95.73,3495943
5-Aug-15,95.28,97.79,95.01,97.02,2900397
4-Aug-15,95.98,97.57,93.67,95.28,5400789
3-Aug-15,96.47,98.15,95.78,97.97,2814939
31-Jul-15,97.34,100.26,96.73,96.99,4968624
30-Jul-15,96.00,98.65,94.20,97.87,6524322
29-Jul-15,91.25,93.45,90.16,91.80,3985784
28-Jul-15,89.46,92.04,87.37,91.04,3385277
27-Jul-15,88.95,89.46,86.93,88.22,3189472
24-Jul-15,94.01,94.49,90.08,90.28,3585728
23-Jul-15,92.39,94.47,92.01,93.00,4950549
22-Jul-15,87.21,90.59,85.72,90.28,8246713
21-Jul-15,89.91,92.49,89.87,92.40,3672891
20-Jul-15,91.83,91.83,89.65,90.01,2896523
17-Jul-15,92.18,92.61,89.67,91.28,3537017
16-Jul-15,93.48,93.88,90.63,91.79,4979423
15-Jul-15,94.75,94.99,92.75,92.88,3589348
14-Jul-15,92.50,95.42,91.92,94.74,3746293
13-Jul-15,93.90,94.46,91.02,91.80,4316289
10-Jul-15,91.75,93.90,91.75,92.73,4845607
9-Jul-15,94.00,94.99,89.77,90.51,5472600
8-Jul-15,94.76,95.36,91.43,92.24,6321324
7-Jul-15,96.72,97.30,91.02,96.47,5163043
6-Jul-15,96.71,99.18,95.87,96.71,2147706
2-Jul-15,97.50,98.64,97.25,98.12,1655369
1-Jul-15,100.47,101.17,97.22,97.63,2019300
30-Jun-15,98.39,99.17,95.79,98.20,3615810
29-Jun-15,98.28,99.95,96.24,97.50,3170361
26-Jun-15,101.94,102.88,100.16,100.52,2805095
25-Jun-15,103.37,103.83,102.21,102.62,1367874
24-Jun-15,103.43,104.20,102.71,102.94,1966254
23-Jun-15,105.36,105.70,102.69,103.42,2542010
22-Jun-15,105.79,106.44,103.74,104.60,2066606
19-Jun-15,105.21,105.49,103.00,104.62,3752301
18-Jun-15,102.23,106.57,102.23,105.18,2956889
17-Jun-15,103.21,103.88,102.01,102.18,1940375
16-Jun-15,103.24,103.46,101.63,103.15,2043968
15-Jun-15,102.67,103.17,101.43,102.79,2659393
12-Jun-15,103.53,104.47,103.41,103.81,1638899
11-Jun-15,104.95,105.60,103.69,104.69,1559525
10-Jun-15,106.32,106.32,104.60,105.31,2392981
9-Jun-15,103.15,104.19,101.15,103.81,2970728
8-Jun-15,107.02,107.12,103.40,103.83,2805111
5-Jun-15,106.41,107.65,105.87,106.98,2276093
4-Jun-15,107.75,108.65,105.91,106.74,2909908
3-Jun-15,111.74,111.97,108.16,108.23,2947048
2-Jun-15,111.39,111.72,109.22,110.63,3046392
1-Jun-15,113.23,114.00,111.34,111.98,2720590
29-May-15,110.80,112.81,110.13,112.25,3597636
28-May-15,111.44,112.77,109.60,110.79,5021207
27-May-15,107.12,111.14,106.80,110.71,4104546
26-May-15,107.88,107.97,105.78,106.99,2988102
22-May-15,107.06,108.00,106.12,107.18,2804922
21-May-15,102.78,106.88,101.53,106.79,4918079
20-May-15,102.85,103.94,101.89,102.88,1746516
19-May-15,103.50,105.69,101.97,102.79,2834752
18-May-15,102.85,103.43,102.09,103.11,1752213
15-May-15,103.34,103.49,101.75,102.72,2255244
14-May-15,102.55,103.00,101.55,102.66,1901311
13-May-15,102.23,103.18,101.50,101.64,2054883
12-May-15,104.12,104.19,101.67,101.78,2287046
11-May-15,104.10,104.94,103.19,103.57,2409085
8-May-15,102.00,104.80,101.56,103.98,4499629
7-May-15,98.87,100.85,98.56,100.74,2742128
6-May-15,97.50,98.70,96.43,98.49,2417129
5-May-15,99.30,100.14,97.28,97.44,2936786
4-May-15,101.22,101.67,98.96,100.13,2447562
1-May-15,95.94,102.28,95.80,100.99,4764857
30-Apr-15,97.14,99.84,95.62,96.12,6248641
29-Apr-15,96.26,96.40,94.55,95.42,2763303
28-Apr-15,97.04,97.39,93.45,96.22,3285782
27-Apr-15,96.71,98.14,96.22,96.93,2932483
24-Apr-15,98.76,98.96,93.76,95.33,6699310
23-Apr-15,99.90,101.00,98.35,98.58,4554374
22-Apr-15,101.75,103.12,100.42,102.69,1485160
21-Apr-15,101.93,101.99,100.70,101.24,1347957
20-Apr-15,100.58,102.20,100.12,101.03,1749105
17-Apr-15,100.13,100.77,99.11,99.73,2072718
16-Apr-15,100.94,102.53,100.56,101.63,1848634
15-Apr-15,99.30,100.98,99.30,100.75,2388982
14-Apr-15,100.13,100.52,97.80,98.63,2088237
13-Apr-15,101.23,101.80,99.25,100.29,1566683
10-Apr-15,102.75,102.88,100.91,101.34,1467236
9-Apr-15,101.18,102.27,100.90,102.10,1392776
8-Apr-15,101.00,102.93,100.41,101.86,2057852
7-Apr-15,99.78,101.80,99.78,100.38,3295321
6-Apr-15,97.66,100.06,97.16,99.96,3237314
2-Apr-15,99.91,100.89,98.82,99.27,1958336
1-Apr-15,100.00,100.65,98.08,99.75,3302491
31-Mar-15,101.68,102.55,100.17,100.36,2527388
30-Mar-15,101.02,103.99,101.02,102.43,3731992
27-Mar-15,98.42,100.64,97.24,99.92,4993027
26-Mar-15,96.01,99.00,93.05,97.50,8746723
25-Mar-15,104.42,104.46,98.58,100.15,5903993
24-Mar-15,105.01,105.19,103.36,104.04,3230994
23-Mar-15,108.17,108.50,104.89,104.89,3281736
20-Mar-15,106.83,108.48,106.00,108.03,3407006
19-Mar-15,105.46,106.45,104.70,105.32,1835597
18-Mar-15,103.46,105.88,103.16,105.36,2762027
17-Mar-15,103.20,104.25,102.89,103.83,2707064
16-Mar-15,105.00,105.02,103.14,104.37,3956691
13-Mar-15,99.80,105.12,99.65,104.66,8272043
12-Mar-15,96.60,98.69,96.53,98.58,2358680
11-Mar-15,98.07,98.48,97.36,97.95,2157063
10-Mar-15,98.23,98.50,97.11,97.55,3090227
9-Mar-15,97.94,99.19,97.94,98.72,3558690
6-Mar-15,98.80,99.03,97.57,98.48,3661006
5-Mar-15,100.00,100.86,98.34,98.67,3860356
4-Mar-15,98.05,99.60,97.31,99.47,3401232
3-Mar-15,99.95,100.09,97.69,98.73,7326463
2-Mar-15,95.10,99.90,95.02,99.56,23907433
27-Feb-15,85.34,85.94,84.52,84.90,1656903
26-Feb-15,84.92,86.04,84.12,84.96,1840637
25-Feb-15,85.51,85.85,84.47,84.90,1594798
24-Feb-15,84.66,85.93,83.62,85.91,2250382
23-Feb-15,84.60,84.69,83.63,84.50,1890729
20-Feb-15,85.61,85.70,84.15,84.66,2103843
19-Feb-15,85.18,85.69,84.28,85.67,2163429
18-Feb-15,84.52,85.48,83.59,85.36,2119527
17-Feb-15,85.00,85.28,83.41,83.72,2706075
13-Feb-15,86.14,86.50,83.98,84.79,2720044
12-Feb-15,83.44,85.43,83.44,85.39,2824892
11-Feb-15,82.09,83.97,81.66,83.86,3188355
10-Feb-15,81.81,82.00,80.52,81.96,3074105
9-Feb-15,82.04,82.30,78.69,80.97,3663891
6-Feb-15,78.93,83.44,78.43,82.29,6121047
5-Feb-15,80.00,80.75,77.58,78.27,6640070
4-Feb-15,79.07,80.39,78.83,79.75,4781222
3-Feb-15,77.65,79.81,77.38,79.74,2907704
2-Feb-15,79.93,80.27,76.17,77.87,3131190
30-Jan-15,79.71,80.48,78.15,79.34,2455906
29-Jan-15,79.40,80.46,76.91,79.87,3256083
28-Jan-15,80.80,82.14,78.60,79.12,5575538
27-Jan-15,78.00,78.88,77.50,78.02,2738621
26-Jan-15,79.95,79.95,78.14,79.12,2853638
23-Jan-15,78.93,81.17,78.14,80.23,2783842
22-Jan-15,79.66,80.00,76.93,79.06,3795097
21-Jan-15,79.27,80.16,78.46,79.30,2608737
20-Jan-15,79.34,79.34,77.38,78.78,3085028
16-Jan-15,76.44,77.92,75.80,77.91,3658534
15-Jan-15,80.20,80.75,76.38,76.61,4791508
14-Jan-15,78.02,80.48,77.08,80.07,4010563
13-Jan-15,81.00,82.76,78.57,79.24,3737317
12-Jan-15,81.00,81.29,78.35,80.35,2926694
9-Jan-15,78.35,80.97,78.32,80.32,5110123
8-Jan-15,75.51,78.10,75.43,77.84,2670918
7-Jan-15,73.04,74.98,73.04,74.33,2712990
6-Jan-15,75.50,75.77,72.20,72.38,4100979
5-Jan-15,76.91,77.00,75.46,76.00,3929637
2-Jan-15,76.56,77.88,75.20,76.81,2566585
31-Dec-14,75.56,77.48,75.38,76.40,2212250
30-Dec-14,75.91,76.18,74.52,75.58,1839785
29-Dec-14,77.11,77.11,75.91,76.28,1555976
26-Dec-14,76.76,77.39,76.27,76.62,768514
24-Dec-14,76.52,77.82,76.42,76.74,694458
23-Dec-14,77.80,77.98,76.19,76.27,1494655
22-Dec-14,76.58,77.74,76.41,77.29,1320265
19-Dec-14,78.01,78.16,75.87,76.49,2660388
18-Dec-14,77.53,77.93,76.37,77.82,2898538
17-Dec-14,73.31,75.56,72.27,75.43,2115818
16-Dec-14,71.38,75.19,70.35,72.69,3728413
15-Dec-14,74.26,74.50,71.43,72.13,3622564
12-Dec-14,73.75,74.95,72.74,73.39,2350387
11-Dec-14,76.12,76.88,74.70,74.95,2200900
10-Dec-14,76.61,77.30,74.99,75.14,2553853
9-Dec-14,75.16,77.06,74.51,76.78,2596402
8-Dec-14,77.00,77.88,75.44,76.11,2400247
5-Dec-14,76.50,77.60,76.02,77.23,2495278
4-Dec-14,77.11,77.20,75.34,76.14,3259818
3-Dec-14,76.17,77.25,75.78,76.85,3674353
2-Dec-14,75.09,75.71,74.14,75.36,3598105
1-Dec-14,77.63,77.99,75.21,75.88,3352527
28-Nov-14,77.85,78.34,77.01,77.81,1225784
26-Nov-14,75.98,78.00,75.67,77.85,3002434
25-Nov-14,77.19,77.80,76.00,76.15,8096411
24-Nov-14,74.87,76.70,74.57,76.18,3983080
21-Nov-14,75.47,75.84,73.81,74.85,3015545
20-Nov-14,72.71,74.92,71.80,74.14,2362215
19-Nov-14,74.38,75.07,72.88,73.00,2785659
18-Nov-14,73.87,75.32,73.82,74.55,3158817
17-Nov-14,73.81,74.95,73.79,74.37,3290956
14-Nov-14,72.48,73.85,71.12,73.73,2036908
13-Nov-14,73.50,74.80,72.02,72.58,2252197
12-Nov-14,73.43,73.74,72.22,73.40,2141109
11-Nov-14,73.83,74.67,73.13,73.84,2388254
10-Nov-14,73.92,74.74,73.70,74.39,2221254
7-Nov-14,73.51,74.20,71.79,73.54,3643253
6-Nov-14,73.15,74.94,73.15,73.47,4717988
5-Nov-14,70.50,73.59,70.50,73.36,8166222
4-Nov-14,68.58,69.81,68.24,69.67,3271518
3-Nov-14,68.43,69.94,68.32,69.25,3819560
31-Oct-14,67.80,69.60,67.20,68.66,5256967
30-Oct-14,66.45,66.88,63.52,65.41,5669665
29-Oct-14,67.29,67.92,65.54,67.05,2767840
28-Oct-14,65.42,67.65,65.42,67.57,3246807
27-Oct-14,65.37,65.95,63.77,65.76,2694160
24-Oct-14,64.51,65.90,64.14,65.53,3889722
23-Oct-14,65.99,66.00,61.65,64.18,10052705
22-Oct-14,65.39,65.87,63.92,64.13,4537388
21-Oct-14,63.34,65.09,62.81,64.64,5715675
20-Oct-14,60.15,61.93,59.70,61.50,2787693
17-Oct-14,63.01,63.97,60.32,60.42,5109997
16-Oct-14,57.19,62.03,57.00,61.06,6535035
15-Oct-14,55.27,59.18,54.92,58.61,6478445
14-Oct-14,55.00,59.43,54.19,56.58,8606381
13-Oct-14,56.71,57.29,53.81,53.90,7030840
10-Oct-14,58.07,58.39,54.71,56.34,18568287
9-Oct-14,65.71,66.16,63.99,64.34,3650647
8-Oct-14,65.05,66.44,62.87,66.16,5047798
7-Oct-14,65.28,66.26,64.75,65.20,2633219
6-Oct-14,67.61,68.17,65.86,66.21,2482948
3-Oct-14,66.61,68.34,66.59,67.37,3399544
2-Oct-14,65.97,66.48,63.49,66.31,5741257
1-Oct-14,68.46,68.46,65.69,66.01,5090022
30-Sep-14,70.21,70.28,67.77,68.43,3848507
29-Sep-14,69.89,70.82,69.13,70.28,1883285
26-Sep-14,69.46,71.37,69.46,71.09,1784132
25-Sep-14,72.16,72.19,69.60,69.81,2978545
24-Sep-14,72.26,72.88,71.37,72.21,2368500
23-Sep-14,70.50,72.26,70.01,72.00,2890631
22-Sep-14,72.29,72.55,70.68,70.80,3149663
19-Sep-14,73.82,73.82,71.57,71.98,4107643
18-Sep-14,71.44,73.71,70.82,73.01,5016998
17-Sep-14,71.15,71.24,69.88,70.73,1979838
16-Sep-14,68.40,70.49,68.40,70.26,2222490
15-Sep-14,70.05,70.58,68.42,68.56,2855040
12-Sep-14,71.42,71.50,69.91,69.98,2335366
11-Sep-14,70.15,71.46,70.15,71.34,2211915
10-Sep-14,70.89,71.00,69.59,70.63,3174877
9-Sep-14,71.03,73.09,68.79,70.02,9014297
8-Sep-14,71.31,72.18,70.65,71.19,4187270
5-Sep-14,69.84,71.10,69.29,70.99,3674714
4-Sep-14,69.34,69.82,68.80,69.43,3781309
3-Sep-14,69.50,70.38,68.75,69.25,4706290
2-Sep-14,70.00,70.00,68.66,69.07,4401999
29-Aug-14,69.10,69.50,67.81,68.52,5608439
28-Aug-14,65.78,66.97,65.06,66.96,2681222
27-Aug-14,65.42,65.70,64.04,65.54,1708222
26-Aug-14,65.56,65.89,64.71,64.74,2328558
25-Aug-14,65.72,65.85,65.01,65.54,2021390
22-Aug-14,64.90,65.84,64.20,65.43,3308214
21-Aug-14,64.28,64.45,63.76,64.03,2672784
20-Aug-14,63.35,64.46,63.26,64.20,3371438
19-Aug-14,63.11,63.97,62.70,63.26,2679984
18-Aug-14,62.16,63.34,60.82,63.23,6774073
15-Aug-14,64.34,64.38,62.68,63.89,2154516
14-Aug-14,63.34,63.75,62.74,63.72,1940276
13-Aug-14,63.56,63.56,62.62,63.02,2456560
12-Aug-14,61.66,62.67,61.11,62.52,1666713
11-Aug-14,61.52,62.28,61.52,61.70,1623111
8-Aug-14,60.56,61.44,59.82,61.09,2304062
7-Aug-14,62.73,62.99,60.19,60.50,3942569
6-Aug-14,61.36,63.83,60.57,62.94,3825601
5-Aug-14,62.61,62.67,61.57,61.98,2462344
4-Aug-14,63.02,63.45,62.25,62.73,2490589
1-Aug-14,62.57,63.22,61.66,62.40,2928262
31-Jul-14,62.18,62.72,61.10,62.35,3761145
30-Jul-14,62.15,63.73,61.76,63.38,3723639
29-Jul-14,62.11,62.80,61.50,61.69,4592171
28-Jul-14,63.03,63.30,61.18,62.34,5192052
25-Jul-14,65.50,65.50,62.71,63.00,6229536
24-Jul-14,67.00,67.30,64.55,65.33,5941790
23-Jul-14,66.10,66.59,63.64,64.54,6099053
22-Jul-14,66.50,67.32,66.20,66.25,3434626
21-Jul-14,66.55,67.40,65.87,66.28,2108604
18-Jul-14,65.44,66.65,64.94,66.61,2449431
17-Jul-14,66.35,66.47,64.74,64.93,2961722
16-Jul-14,66.30,67.26,66.12,67.03,1536804
15-Jul-14,66.35,66.86,65.39,65.76,1976481
14-Jul-14,66.82,67.44,66.05,66.35,1451326
11-Jul-14,65.71,66.50,65.35,66.42,1419291
10-Jul-14,65.01,65.56,64.05,65.43,3048823
9-Jul-14,66.19,66.81,65.76,66.39,1653577
8-Jul-14,66.89,67.25,64.75,65.67,2925867
7-Jul-14,67.54,67.79,66.58,66.91,1499261
3-Jul-14,67.33,67.50,66.76,67.36,670596
2-Jul-14,67.00,67.06,66.16,66.60,2033971
1-Jul-14,66.84,67.66,66.69,67.15,2402138
30-Jun-14,65.76,66.19,65.00,66.18,2307881
27-Jun-14,63.80,65.09,63.26,65.01,1594092
26-Jun-14,64.67,64.67,62.92,63.89,1680064
25-Jun-14,64.51,64.99,63.50,64.58,1666776
24-Jun-14,66.00,66.15,64.22,64.44,2225187
23-Jun-14,66.50,67.39,65.96,66.06,2275613
20-Jun-14,65.19,66.48,65.11,66.44,3293944
19-Jun-14,63.77,65.03,62.75,64.99,3578547
18-Jun-14,63.74,63.74,62.42,62.92,2391992
17-Jun-14,62.55,63.68,62.50,63.30,2049937
16-Jun-14,62.45,62.98,61.84,62.53,1574763
13-Jun-14,63.71,63.71,62.00,62.29,2366111
12-Jun-14,63.28,63.55,61.98,62.27,2707789
11-Jun-14,64.40,64.65,63.54,63.68,2022345
10-Jun-14,63.87,64.53,63.08,64.40,2869455
9-Jun-14,63.24,64.08,63.21,63.70,3331853
6-Jun-14,64.52,64.69,63.01,63.18,2596461
5-Jun-14,63.00,63.81,62.45,63.40,3376563
4-Jun-14,62.09,62.72,61.79,62.50,2965300
3-Jun-14,62.04,62.95,61.77,62.69,1844817
2-Jun-14,62.36,62.51,61.31,62.40,1841094
30-May-14,62.38,62.56,61.74,62.10,1972693
29-May-14,61.94,62.53,61.75,62.03,2097230
28-May-14,62.55,62.67,61.51,61.81,2450471
27-May-14,62.01,62.66,61.69,62.41,2926384
23-May-14,60.84,61.79,60.10,61.66,2242371
22-May-14,60.03,61.17,59.89,60.54,2069053
21-May-14,60.83,61.41,59.65,60.41,3170547
20-May-14,61.03,61.51,60.27,60.79,3183534
19-May-14,60.13,60.99,60.05,60.54,4452891
16-May-14,59.60,60.50,59.08,60.25,3855605
15-May-14,59.45,59.73,57.71,59.65,5133123
14-May-14,59.99,60.52,59.50,59.54,8447148
13-May-14,62.86,63.85,60.45,60.71,3632876
12-May-14,60.50,63.41,60.37,62.62,2929866
9-May-14,60.39,60.66,59.22,59.77,1717469
8-May-14,60.10,62.17,59.80,60.71,1993528
7-May-14,60.56,61.09,59.43,60.22,1992606
6-May-14,61.24,61.52,60.42,60.54,1704406
5-May-14,61.78,61.78,60.61,61.22,1593590
2-May-14,61.16,62.28,60.39,61.78,2552513
1-May-14,59.68,61.53,59.62,60.46,2748292
30-Apr-14,59.09,59.65,58.12,59.62,2234838
29-Apr-14,58.50,59.38,57.69,59.24,2220994
28-Apr-14,59.35,59.42,56.61,58.02,4083065
25-Apr-14,61.45,61.55,58.55,58.87,4209509
24-Apr-14,62.10,62.50,59.40,62.00,5078354
23-Apr-14,61.00,61.09,60.01,60.52,3162685
22-Apr-14,60.47,61.27,59.70,60.62,3116954
21-Apr-14,59.25,60.25,57.61,60.08,3425144
17-Apr-14,57.95,59.14,57.51,58.20,2445718
16-Apr-14,58.56,58.56,56.50,57.91,1988272
15-Apr-14,56.96,58.31,56.19,57.63,2737034
14-Apr-14,56.59,57.53,55.68,56.40,2651722
11-Apr-14,56.10,57.95,55.52,56.22,3301851
10-Apr-14,59.70,59.70,57.29,57.37,2822859
9-Apr-14,60.12,60.80,58.61,59.33,3436988
8-Apr-14,57.25,58.37,55.90,58.24,4189840
7-Apr-14,56.48,57.29,54.80,55.72,5889089
4-Apr-14,62.68,62.74,57.04,57.33,7039959
3-Apr-14,62.53,63.35,61.41,61.91,4303329
2-Apr-14,61.99,62.31,60.69,61.34,3660639
1-Apr-14,58.99,61.28,58.81,60.93,4070439
31-Mar-14,58.31,59.58,57.88,58.81,2407421
28-Mar-14,57.83,59.05,57.31,57.66,2552682
27-Mar-14,58.47,58.47,56.02,57.26,3208111
26-Mar-14,59.12,60.31,57.43,58.09,5298350
25-Mar-14,57.19,58.10,56.54,56.95,2870192
24-Mar-14,58.19,58.63,56.13,56.44,3254837
21-Mar-14,60.34,60.48,57.58,57.97,3589477
20-Mar-14,58.74,59.85,58.31,59.85,2191897
19-Mar-14,58.90,59.22,58.34,58.86,2326025
18-Mar-14,58.56,59.10,57.93,58.73,2657815
17-Mar-14,57.94,59.36,57.94,58.41,2698335
14-Mar-14,57.01,58.20,57.01,57.62,2814397
13-Mar-14,57.85,58.40,56.43,57.35,3241946
12-Mar-14,56.51,57.70,55.90,57.53,2152788
11-Mar-14,58.09,58.91,56.47,56.81,2913158
10-Mar-14,58.48,58.88,56.95,57.14,2924696
7-Mar-14,60.00,60.37,57.84,58.56,4780963
6-Mar-14,57.90,59.93,57.81,59.91,4943671
5-Mar-14,57.99,58.17,56.94,57.58,2667042
4-Mar-14,56.86,57.93,56.39,57.84,2491383
3-Mar-14,55.74,55.99,54.92,55.91,1921506
28-Feb-14,56.70,56.83,55.80,56.23,2293867
27-Feb-14,55.75,56.77,55.44,56.60,2547930
26-Feb-14,56.10,56.77,55.44,55.55,3704225
25-Feb-14,55.92,56.10,55.07,56.02,2730183
24-Feb-14,56.44,56.76,55.54,55.55,2983965
21-Feb-14,57.16,57.17,55.55,56.15,3420087
20-Feb-14,57.10,57.80,56.58,56.74,4482064
19-Feb-14,56.93,57.38,56.57,56.79,3591303
18-Feb-14,56.00,56.88,55.27,56.79,4098169
14-Feb-14,55.00,56.24,54.18,55.60,6879944
13-Feb-14,52.20,54.07,52.10,53.62,5198416
12-Feb-14,52.08,53.17,52.08,52.63,2734259
11-Feb-14,52.42,52.59,51.99,52.08,2586449
10-Feb-14,51.38,52.45,51.31,52.24,4084872
7-Feb-14,49.18,52.06,49.18,52.05,6754683
6-Feb-14,47.26,49.88,46.56,49.60,6893918
5-Feb-14,46.63,47.12,46.30,47.00,4924690
4-Feb-14,46.72,47.02,45.70,47.00,2372598
3-Feb-14,48.63,48.64,45.22,45.82,3867874
31-Jan-14,47.50,48.55,47.14,48.35,2619609
30-Jan-14,47.76,48.35,47.46,47.85,1695869
29-Jan-14,46.75,47.94,46.67,47.26,3643086
28-Jan-14,46.00,47.15,45.68,46.69,2218487
27-Jan-14,45.93,46.42,45.46,46.00,3347333
24-Jan-14,47.79,47.85,45.38,45.58,3633769
23-Jan-14,47.32,47.90,47.09,47.85,2816323
22-Jan-14,46.62,47.88,46.50,47.85,1876381
21-Jan-14,47.75,47.80,46.36,46.66,2398482
17-Jan-14,45.85,47.20,45.85,46.72,3245253
16-Jan-14,45.54,46.06,45.12,46.00,2141971
15-Jan-14,44.64,45.67,44.42,45.39,2820659
14-Jan-14,43.21,44.21,43.00,44.12,6310286
13-Jan-14,43.06,43.49,42.42,42.94,4311478
10-Jan-14,43.32,43.45,42.70,43.00,4832245
9-Jan-14,43.95,44.21,42.90,43.06,3616990
8-Jan-14,43.15,43.92,42.90,43.83,2239017
7-Jan-14,43.29,43.58,42.68,42.97,3207235
6-Jan-14,43.93,44.00,42.77,43.12,2579983
3-Jan-14,44.11,44.34,43.08,43.56,3634226
2-Jan-14,44.70,44.70,43.62,43.92,3772668
31-Dec-13,46.25,46.32,45.62,45.93,1314392
30-Dec-13,45.30,45.97,45.17,45.95,1523747
27-Dec-13,45.43,45.70,45.12,45.32,808391
26-Dec-13,45.07,45.35,44.89,45.10,860015
24-Dec-13,45.42,45.54,45.05,45.08,601740
23-Dec-13,44.96,45.48,43.66,45.20,2564594
20-Dec-13,43.11,43.83,43.05,43.52,10857523
19-Dec-13,43.75,43.75,42.38,43.10,2433507
18-Dec-13,43.38,43.52,42.38,43.52,3268420
17-Dec-13,42.96,43.73,42.91,43.45,4812074
16-Dec-13,42.50,43.11,42.50,42.84,2491347
13-Dec-13,42.43,42.71,41.93,42.51,4625340
12-Dec-13,42.04,42.29,41.66,42.18,3753634
11-Dec-13,42.74,42.80,41.85,41.94,3364417
10-Dec-13,42.64,42.91,42.31,42.50,8060418
9-Dec-13,44.23,44.58,43.43,43.55,2035920
6-Dec-13,44.01,44.75,44.01,44.23,2230544
5-Dec-13,43.01,43.91,42.94,43.86,1434566
4-Dec-13,42.78,43.87,42.53,43.45,2060874
3-Dec-13,42.60,43.15,42.15,42.93,1922353
2-Dec-13,42.40,43.11,41.93,42.78,3400268
29-Nov-13,41.89,42.78,41.85,42.50,948345
27-Nov-13,43.19,43.19,41.81,42.00,2455020
26-Nov-13,41.70,42.85,40.78,42.48,3862317
25-Nov-13,41.15,41.33,40.24,40.45,1933937
22-Nov-13,41.00,41.33,40.60,41.06,876476
21-Nov-13,40.74,41.11,40.52,41.00,1550088
20-Nov-13,40.42,40.72,40.18,40.45,1365037
19-Nov-13,40.97,41.37,40.29,40.32,1807261
18-Nov-13,41.81,42.22,41.07,41.17,1779431
15-Nov-13,41.95,41.99,41.36,41.98,1204298
14-Nov-13,42.72,42.72,41.07,41.53,1095123
13-Nov-13,40.91,41.69,40.82,41.68,1001427
12-Nov-13,41.08,41.59,40.79,41.22,1037649
11-Nov-13,41.35,41.77,41.10,41.34,1765423
8-Nov-13,40.60,41.71,40.51,41.59,1800506
7-Nov-13,41.84,42.50,40.60,40.72,2691791
6-Nov-13,42.41,42.77,42.02,42.09,1744130
5-Nov-13,42.20,42.82,42.02,42.44,2044022
4-Nov-13,40.96,42.76,40.94,42.48,2714901
1-Nov-13,42.01,42.50,41.73,42.18,2302889
31-Oct-13,41.12,42.63,41.01,42.14,3062538
30-Oct-13,41.98,42.55,41.25,41.29,3292515
29-Oct-13,41.00,42.25,40.90,41.97,5723326
28-Oct-13,39.85,41.30,39.80,41.02,4288566
25-Oct-13,39.41,40.24,39.36,39.90,4583718
24-Oct-13,39.14,41.02,38.75,39.58,12316644
23-Oct-13,37.00,37.00,35.09,36.03,7030456
22-Oct-13,38.15,38.32,37.15,37.29,3136137
21-Oct-13,38.42,38.49,38.10,38.29,1388538
18-Oct-13,38.49,38.49,37.35,37.91,2602840
17-Oct-13,37.18,37.93,37.05,37.52,2442282
16-Oct-13,37.12,38.17,37.12,37.95,1635710
15-Oct-13,38.25,38.50,37.44,37.47,1385508
14-Oct-13,38.09,38.49,37.66,38.24,1170803
11-Oct-13,37.59,38.45,37.36,38.18,2974008
10-Oct-13,37.10,37.77,37.03,37.32,3014553
9-Oct-13,36.08,36.94,36.03,36.63,3782205
8-Oct-13,37.71,38.14,36.42,36.58,5058722
7-Oct-13,38.30,38.56,37.85,37.90,2078361
4-Oct-13,38.50,38.70,37.91,38.67,3103306
3-Oct-13,37.94,38.07,37.43,37.86,1843972
2-Oct-13,37.61,38.01,37.31,37.82,2150523
1-Oct-13,37.49,37.90,37.44,37.88,1043151
30-Sep-13,36.71,37.36,36.71,37.21,1283210
27-Sep-13,37.30,37.34,37.04,37.22,835683
26-Sep-13,37.29,37.77,37.10,37.30,956376
25-Sep-13,37.64,37.90,37.14,37.15,1358640
24-Sep-13,37.13,37.69,36.93,37.45,1608832
23-Sep-13,37.96,38.10,36.83,37.02,2360205
20-Sep-13,37.79,38.35,37.77,38.08,4765856
19-Sep-13,37.68,37.91,37.53,37.58,1790572
18-Sep-13,37.96,38.00,37.24,37.68,3595460
17-Sep-13,37.92,38.08,37.72,37.79,1679227
16-Sep-13,37.83,38.08,37.59,37.74,4010923
13-Sep-13,37.25,37.70,37.10,37.65,8189184
12-Sep-13,38.81,38.97,37.91,38.02,2761894
11-Sep-13,39.00,39.08,38.51,38.81,946961
10-Sep-13,38.74,39.15,38.65,39.11,1671764
9-Sep-13,38.47,38.80,38.25,38.51,2365591
6-Sep-13,39.46,39.46,37.80,38.08,2470909
5-Sep-13,38.68,39.44,38.60,38.99,1270127
4-Sep-13,37.80,38.93,37.70,38.79,1971790
3-Sep-13,38.11,38.24,37.65,37.92,1314903
30-Aug-13,38.56,38.82,36.89,37.17,1538741
29-Aug-13,37.46,38.08,36.90,37.93,3169980
28-Aug-13,35.30,37.32,35.01,37.24,3395768
27-Aug-13,35.67,36.00,35.03,35.47,2049008
26-Aug-13,36.14,36.57,35.83,36.30,1723482
23-Aug-13,36.13,36.46,35.78,36.15,1639438
22-Aug-13,35.14,36.38,35.06,36.07,1626575
21-Aug-13,35.35,35.35,34.66,34.78,1968014
20-Aug-13,35.50,35.85,35.21,35.53,1407049
19-Aug-13,35.66,35.97,35.34,35.39,1986811
16-Aug-13,34.70,35.76,34.70,35.44,3148418
15-Aug-13,35.81,35.90,34.86,34.90,1569122
14-Aug-13,35.72,36.61,35.50,36.01,1941828
13-Aug-13,36.00,36.21,35.47,35.80,1635063
12-Aug-13,35.70,35.94,35.00,35.94,1684606
9-Aug-13,35.70,35.93,35.12,35.18,1870697
8-Aug-13,35.51,36.00,35.33,35.58,4972036
7-Aug-13,34.85,35.29,34.55,35.27,1976673
6-Aug-13,35.85,35.85,35.08,35.14,1640060
5-Aug-13,35.84,36.27,35.47,35.78,2028657
2-Aug-13,34.81,35.93,34.27,35.77,3034320
1-Aug-13,32.95,34.96,32.59,34.83,5149801
31-Jul-13,33.26,33.70,32.64,32.65,2676253
30-Jul-13,33.10,33.24,32.88,33.14,1779040
29-Jul-13,32.89,33.42,32.89,33.14,1244840
26-Jul-13,33.03,33.37,32.87,33.27,1569285
25-Jul-13,32.76,33.79,32.76,33.25,3188672
24-Jul-13,33.90,34.39,33.49,33.52,2161365
23-Jul-13,33.38,34.16,33.20,33.88,2733543
22-Jul-13,32.68,33.14,32.41,32.96,1462353
19-Jul-13,32.95,32.98,32.52,32.69,2970804
18-Jul-13,33.52,33.81,33.04,33.09,2702837
17-Jul-13,33.36,33.94,33.31,33.67,1546985
16-Jul-13,32.78,33.32,32.78,33.31,1336390
15-Jul-13,32.59,32.93,32.49,32.86,900245
12-Jul-13,32.15,32.54,31.98,32.53,1788287
11-Jul-13,31.96,32.50,31.61,32.15,1695638
10-Jul-13,31.71,31.93,31.54,31.65,1468804
9-Jul-13,31.58,32.00,31.47,31.67,1107796
8-Jul-13,32.49,32.58,31.28,31.39,2588500
5-Jul-13,31.89,32.40,31.69,32.35,1101639
3-Jul-13,31.18,31.67,31.11,31.64,538834
2-Jul-13,31.01,31.83,31.01,31.35,1156280
1-Jul-13,31.44,31.57,30.98,31.18,1038004
28-Jun-13,30.89,31.47,30.82,31.02,2502789
27-Jun-13,30.60,31.32,30.42,31.12,1860157
26-Jun-13,30.23,30.32,29.84,30.17,1247806
25-Jun-13,29.45,29.94,29.40,29.90,2158003
24-Jun-13,30.40,30.59,29.03,29.15,6872545
21-Jun-13,30.72,30.92,30.30,30.90,4312961
20-Jun-13,31.09,31.36,30.19,30.55,4552038
19-Jun-13,31.90,32.00,31.50,31.64,1836912
18-Jun-13,31.52,32.05,31.28,32.01,1708812
17-Jun-13,30.99,31.36,30.87,31.22,2022435
14-Jun-13,30.17,30.71,30.07,30.60,2630216
13-Jun-13,29.19,30.36,29.14,30.31,1253951
12-Jun-13,29.94,29.95,29.15,29.38,2464576
11-Jun-13,30.06,30.44,29.72,29.73,1367740
10-Jun-13,30.77,31.06,30.39,30.58,1434261
7-Jun-13,30.31,30.73,29.99,30.59,1294832
6-Jun-13,30.43,30.73,29.72,30.10,1681582
5-Jun-13,31.00,31.30,30.57,30.57,2425091
4-Jun-13,30.77,31.82,30.61,31.45,3602664
3-Jun-13,31.16,31.18,29.98,30.49,1973189
31-May-13,31.37,31.40,30.80,30.85,2485201
30-May-13,30.32,31.49,30.28,31.42,3419443
29-May-13,30.39,30.88,30.06,30.58,3224984
28-May-13,30.11,30.75,29.76,30.31,3057232
24-May-13,29.14,29.76,28.89,29.65,2086186
23-May-13,28.73,29.15,28.52,29.15,2455314
22-May-13,29.95,30.14,28.97,29.25,2868182
21-May-13,30.27,30.32,29.90,30.00,1488182
20-May-13,30.25,30.59,29.90,30.17,1817552
17-May-13,30.25,30.31,29.84,30.20,3177870
16-May-13,30.64,31.00,30.14,30.17,2362500
15-May-13,30.00,31.01,30.00,30.78,3019492
14-May-13,29.55,30.32,29.34,30.24,2338070
13-May-13,29.72,30.14,29.54,29.68,2213259
10-May-13,29.12,30.39,29.07,30.22,4379314
9-May-13,28.83,29.52,28.78,29.23,2871949
8-May-13,28.54,29.14,28.41,29.04,3675585
7-May-13,28.11,28.61,28.08,28.54,1979438
6-May-13,28.06,28.87,28.03,28.21,2828552
3-May-13,28.21,28.42,27.77,28.02,2753660
2-May-13,26.86,27.40,26.86,27.24,2169941
1-May-13,28.03,28.03,26.69,26.76,4159825
30-Apr-13,27.51,27.76,27.43,27.55,2130546
29-Apr-13,27.35,28.01,27.04,27.60,2224607
26-Apr-13,27.17,27.60,27.04,27.33,3980124
25-Apr-13,27.17,27.85,27.12,27.47,5739219
24-Apr-13,26.81,27.25,26.24,27.15,4992545
23-Apr-13,26.45,27.03,24.78,26.74,12806911
22-Apr-13,25.24,26.04,24.66,25.77,6043898
19-Apr-13,25.80,25.80,24.81,25.29,4981252
18-Apr-13,27.09,27.09,25.37,25.42,5260966
17-Apr-13,28.00,28.23,26.30,26.56,6311133
16-Apr-13,27.95,28.63,27.51,28.57,4517374
15-Apr-13,28.95,28.95,27.43,27.44,5464629
12-Apr-13,29.47,29.76,28.90,29.14,2631266
11-Apr-13,29.79,30.16,29.41,29.86,3039015
10-Apr-13,29.67,30.27,29.34,30.00,2151890
9-Apr-13,29.22,30.02,29.04,29.69,3129816
8-Apr-13,28.65,28.91,28.13,28.90,2827136
5-Apr-13,27.69,28.61,27.20,28.55,4015194
4-Apr-13,27.56,28.31,27.50,28.20,4059981
3-Apr-13,28.58,28.85,26.96,27.50,4547981
2-Apr-13,29.15,29.33,28.13,28.42,2733488
1-Apr-13,30.27,30.29,28.85,28.86,2737377
28-Mar-13,30.01,30.32,29.85,30.29,1421279
27-Mar-13,29.62,30.02,29.23,29.86,2362820
26-Mar-13,29.98,30.04,29.67,29.85,1861831
25-Mar-13,30.00,30.08,29.68,29.92,1708349
22-Mar-13,30.16,30.47,29.71,29.92,2497097
21-Mar-13,29.55,29.90,29.43,29.50,1348181
20-Mar-13,29.88,30.14,29.62,29.95,2464287
19-Mar-13,30.07,30.33,29.54,29.68,4176059
18-Mar-13,30.66,30.83,29.46,29.72,6656305
15-Mar-13,31.31,31.54,31.00,31.21,4057372
14-Mar-13,31.28,31.77,31.15,31.54,2562793
13-Mar-13,31.40,31.52,30.87,31.23,2242019
12-Mar-13,31.40,31.53,31.11,31.32,2107901
11-Mar-13,31.75,31.91,31.32,31.59,3618466
8-Mar-13,31.33,31.60,30.95,31.43,7043274
7-Mar-13,32.35,32.87,31.97,32.03,2129849
6-Mar-13,32.51,32.74,32.10,32.19,962809
5-Mar-13,32.21,32.57,32.00,32.48,1940408
4-Mar-13,31.84,31.95,31.31,31.76,2086087
1-Mar-13,31.84,32.40,31.30,32.19,2050511
28-Feb-13,32.34,32.99,32.30,32.32,1463788
27-Feb-13,31.57,32.52,31.55,32.30,1614269
26-Feb-13,31.68,31.73,30.70,31.36,1916412
25-Feb-13,31.81,32.24,31.44,31.44,3137086
22-Feb-13,30.95,31.80,30.95,31.55,1575966
21-Feb-13,31.58,31.62,30.65,31.02,2330986
20-Feb-13,32.71,32.77,31.45,31.52,1672835
19-Feb-13,32.26,32.99,32.16,32.71,1958377
15-Feb-13,32.64,32.74,31.85,32.25,1449277
14-Feb-13,32.62,32.88,32.42,32.65,1096266
13-Feb-13,32.55,32.96,32.28,32.80,2638213
12-Feb-13,32.00,32.83,31.82,32.57,2328845
11-Feb-13,31.48,32.35,31.31,32.11,2963968
8-Feb-13,30.61,32.12,30.56,31.96,5382506
7-Feb-13,30.45,30.52,29.80,30.48,2353177
6-Feb-13,29.76,30.45,29.64,30.45,3758238
5-Feb-13,29.79,30.05,29.51,29.82,3938035
4-Feb-13,30.33,30.40,29.35,29.35,10692623
1-Feb-13,30.30,31.28,30.25,30.76,1999038
31-Jan-13,30.33,30.70,28.40,30.00,4760881
30-Jan-13,29.56,30.46,29.41,29.98,2357181
29-Jan-13,30.13,30.53,29.42,29.51,2344600
28-Jan-13,30.15,30.62,30.12,30.50,3074634
25-Jan-13,29.70,30.27,29.58,30.09,2469233
24-Jan-13,29.62,29.92,29.24,29.51,1618917
23-Jan-13,29.33,29.67,29.29,29.50,2899744
22-Jan-13,29.88,29.90,29.16,29.21,1146067
18-Jan-13,29.96,29.96,29.29,29.63,1623773
17-Jan-13,29.34,30.08,29.00,29.98,3883403
16-Jan-13,28.33,29.81,28.30,29.30,4427370
15-Jan-13,28.35,28.51,28.07,28.29,855722
14-Jan-13,28.09,28.51,27.75,28.37,1739855
11-Jan-13,28.25,29.00,27.66,28.00,2932945
10-Jan-13,27.21,28.51,27.16,28.31,2823735
9-Jan-13,26.60,26.99,26.48,26.91,1197135
8-Jan-13,27.23,27.48,26.51,26.55,771459
7-Jan-13,27.16,27.53,26.89,27.14,1030305
4-Jan-13,27.59,27.78,27.03,27.34,939213
3-Jan-13,27.55,28.07,27.50,27.69,1502787
2-Jan-13,27.10,28.00,27.00,27.83,1988575
31-Dec-12,25.50,26.50,25.30,26.32,791560
28-Dec-12,25.24,25.75,25.13,25.36,370465
27-Dec-12,25.61,25.61,25.06,25.43,597298
26-Dec-12,25.46,25.97,25.35,25.44,371360
24-Dec-12,25.12,25.76,25.12,25.40,257291
21-Dec-12,25.22,25.54,24.75,25.35,1099765
20-Dec-12,25.74,26.08,25.50,26.06,759718
19-Dec-12,25.91,26.20,25.56,25.85,600752
18-Dec-12,25.42,26.20,25.39,25.99,1181490
17-Dec-12,24.57,25.44,24.50,25.39,846021
14-Dec-12,24.82,24.97,24.50,24.50,772639
13-Dec-12,24.96,25.31,24.81,24.99,759070
12-Dec-12,24.99,25.43,24.94,25.12,886064
11-Dec-12,24.08,25.60,24.08,25.04,1738814
10-Dec-12,23.25,23.89,23.25,23.82,354857
7-Dec-12,23.80,24.00,23.20,23.31,1073451
6-Dec-12,24.48,24.49,23.85,24.00,803755
5-Dec-12,24.30,24.52,24.00,24.49,544967
4-Dec-12,24.39,24.55,24.03,24.13,487953
3-Dec-12,24.71,24.71,24.22,24.33,701773
30-Nov-12,24.92,25.09,24.34,24.48,581364
29-Nov-12,24.59,25.10,24.34,24.97,724100
28-Nov-12,23.50,24.38,23.34,24.19,944861
27-Nov-12,24.05,24.43,23.68,23.88,807863
26-Nov-12,23.66,24.19,23.57,23.98,628051
23-Nov-12,23.39,24.12,23.39,24.00,569906
21-Nov-12,23.35,23.57,22.83,23.35,850917
20-Nov-12,23.45,23.45,22.72,23.30,1086523
19-Nov-12,23.22,23.70,23.05,23.51,994124
16-Nov-12,23.20,23.20,22.59,22.69,1678379
15-Nov-12,24.19,24.40,22.90,22.99,2461229
14-Nov-12,24.76,24.77,23.99,24.12,951410
13-Nov-12,24.51,24.99,24.46,24.46,668238
12-Nov-12,25.01,25.31,24.88,25.20,788765
9-Nov-12,24.81,25.18,24.74,25.03,2183304
8-Nov-12,25.54,25.78,25.21,25.33,1328900
7-Nov-12,25.40,25.70,25.05,25.41,2041617
6-Nov-12,25.73,25.98,25.50,25.76,3191155
5-Nov-12,25.02,26.11,24.86,25.82,1728393
2-Nov-12,25.42,26.10,25.39,25.69,2082005
1-Nov-12,23.75,26.38,23.64,26.19,3927559
31-Oct-12,24.00,24.26,23.79,24.26,1789274
26-Oct-12,23.06,24.09,23.06,24.02,2060873
25-Oct-12,22.13,24.01,22.00,23.49,6119826
24-Oct-12,22.62,22.97,20.57,20.93,5857373
23-Oct-12,21.42,22.74,21.22,22.62,2040856
22-Oct-12,22.37,22.47,21.40,21.72,1912060
19-Oct-12,22.95,23.17,22.02,22.21,1551185
18-Oct-12,22.90,23.60,22.65,23.20,1661573
17-Oct-12,23.20,23.50,22.90,23.19,1012843
16-Oct-12,23.06,23.63,23.00,23.43,950052
15-Oct-12,22.10,23.09,22.10,22.94,2328211
12-Oct-12,22.99,22.99,21.69,21.96,3517468
11-Oct-12,23.80,23.80,22.63,22.70,3513663
10-Oct-12,23.77,23.79,22.86,23.20,4578364
9-Oct-12,25.00,25.00,24.38,24.46,1021500
8-Oct-12,25.19,25.46,24.75,25.03,756843
5-Oct-12,24.64,25.60,24.62,25.28,1235085
4-Oct-12,24.83,24.83,24.39,24.55,1174602
3-Oct-12,25.43,25.43,24.51,24.55,1171725
2-Oct-12,25.04,25.39,24.71,25.04,640945
1-Oct-12,25.16,25.48,24.82,25.10,1354977
28-Sep-12,25.00,25.48,24.61,25.01,1671281
27-Sep-12,24.00,25.65,23.78,25.37,2333429
26-Sep-12,24.35,24.42,23.22,23.76,2515354
25-Sep-12,25.72,26.00,24.08,24.20,2184101
24-Sep-12,25.13,25.59,24.80,25.42,1276214
21-Sep-12,25.97,26.47,25.69,25.71,1022453
20-Sep-12,26.19,26.24,25.41,25.84,1366572
19-Sep-12,26.46,26.65,26.16,26.32,986773
18-Sep-12,26.54,26.91,25.80,26.63,1492333
17-Sep-12,26.50,26.60,25.86,26.47,1422496
14-Sep-12,26.75,27.96,26.42,26.67,3655642
13-Sep-12,24.18,26.46,24.13,26.43,4838511
12-Sep-12,24.67,25.38,24.32,25.01,3812524
11-Sep-12,23.72,24.72,23.64,24.67,2163462
10-Sep-12,24.75,24.79,23.42,23.55,1708753
7-Sep-12,24.35,25.08,24.06,24.82,1472599
6-Sep-12,23.51,24.50,23.46,24.47,1696722
5-Sep-12,23.58,23.58,22.98,23.23,1355325
4-Sep-12,23.41,23.41,22.78,22.96,1362190
31-Aug-12,23.17,23.50,22.98,23.32,1465851
30-Aug-12,23.25,23.34,22.60,22.82,1700318
29-Aug-12,23.64,23.97,23.23,23.51,1282218
28-Aug-12,24.40,25.30,23.16,23.82,3750994
27-Aug-12,23.99,24.60,23.64,24.51,1971311
24-Aug-12,23.77,23.96,23.42,23.74,975926
23-Aug-12,23.75,24.05,23.50,23.72,1334456
22-Aug-12,23.97,23.97,23.19,23.73,3166986
21-Aug-12,25.05,25.16,24.05,24.30,2476741
20-Aug-12,25.85,25.93,24.70,24.96,2287605
17-Aug-12,25.93,26.24,25.66,26.04,2135092
16-Aug-12,25.37,25.85,24.92,25.74,2013812
15-Aug-12,24.08,25.20,24.02,25.01,1976876
14-Aug-12,24.11,24.80,24.01,24.54,1781813
13-Aug-12,24.42,24.49,23.40,23.99,979864
10-Aug-12,23.59,24.27,23.48,24.26,1021556
9-Aug-12,23.74,23.97,23.50,23.73,1176691
8-Aug-12,23.94,24.19,23.52,23.81,1404647
7-Aug-12,23.49,24.73,23.16,24.26,4004223
6-Aug-12,22.44,23.16,21.92,22.85,2685919
3-Aug-12,22.10,22.70,21.68,22.30,1853617
2-Aug-12,21.94,22.07,21.30,21.55,1107803
1-Aug-12,22.87,22.87,21.85,22.06,1034228
31-Jul-12,23.18,23.22,22.25,22.59,1648676
30-Jul-12,23.82,24.31,22.85,23.12,1773936
27-Jul-12,23.50,23.90,23.26,23.82,1638205
26-Jul-12,23.00,23.24,21.85,23.06,2652040
25-Jul-12,22.28,23.24,22.17,22.47,1629456
24-Jul-12,22.30,22.72,20.07,22.62,4438342
23-Jul-12,21.30,22.26,20.84,21.98,2458688
20-Jul-12,22.92,22.98,22.14,22.41,1578141
19-Jul-12,22.44,23.12,22.20,22.94,2241395
18-Jul-12,20.00,22.00,19.94,21.86,1745887
17-Jul-12,20.47,20.67,19.72,20.03,1002151
16-Jul-12,20.30,20.43,19.87,20.37,789145
13-Jul-12,20.45,20.49,19.66,20.38,1651937
12-Jul-12,20.71,20.95,19.93,20.22,1488216
11-Jul-12,21.08,21.45,20.74,20.98,804165
10-Jul-12,22.13,22.37,20.98,21.16,1460450
9-Jul-12,22.49,22.55,21.87,22.13,1178687
6-Jul-12,22.85,22.96,22.17,22.34,1555172
5-Jul-12,23.54,23.59,22.51,23.14,1255590
3-Jul-12,23.14,23.71,23.08,23.57,555662
2-Jul-12,23.65,23.81,22.89,23.11,1217244
29-Jun-12,22.54,24.20,22.31,23.23,2474478
28-Jun-12,21.24,21.55,20.99,21.48,861892
27-Jun-12,21.18,21.42,20.89,21.33,856052
26-Jun-12,20.72,21.06,20.50,21.01,1131965
25-Jun-12,20.84,21.02,20.41,20.70,915328
